"";"X";"tile";"xrange1";"xrange2";"yrange1";"yrange2";"istruzione";"salute";"trasporti";"qualifica";"servizi"
"1";1;"Tile row 1, col 8";1507662,73970767;1507953,52543697;5041975,71862131;5042087,14078017;0;0;0;1;0
"2";2;"Tile row 1, col 15";1512276,26483516;1512475,59625243;5041975,71862131;5042261,65891782;0;0;0;1;0
"3";3;"Tile row 1, col 16";1512475,59625243;1513093,86168442;5041975,71862131;5042524,17074419;0;0;0,142857142857143;0,666666666666667;0
"4";4;"Tile row 1, col 17";1513093,86168442;1513712,12711641;5041975,71862131;5042526,78494975;0;0;0,0952380952380952;0,333333333333333;0
"5";5;"Tile row 1, col 18";1513712,12711641;1514330,3925484;5041975,71862131;5042528,26073699;0;0;0,0952380952380952;1;0
"6";6;"Tile row 1, col 19";1514330,3925484;1514453,82163846;5041975,71862131;5042281,81382084;0;0;0,0476190476190476;1;0
"7";7;"Tile row 2, col 7";1507271,91427788;1507529,4727594;5041423,17652417;5041824,74549065;0;0;0;1;0
"8";8;"Tile row 2, col 8";1507529,4727594;1507961,10921686;5041423,17652417;5041975,71862131;0;0;0;0,666666666666667;0
"9";9;"Tile row 2, col 15";1512133,27879131;1512475,59625243;5041423,17652417;5041975,71862131;0,333333333333333;0;0,0476190476190476;1;0,0334928229665072
"10";10;"Tile row 2, col 16";1512475,59625243;1513093,86168442;5041423,17652417;5041975,71862131;0,666666666666667;0,411764705882353;0,476190476190476;1;0,263157894736842
"11";11;"Tile row 2, col 17";1513093,86168442;1513712,12711641;5041423,17652417;5041975,71862131;1;0,294117647058824;0,266666666666667;0,666666666666667;0,15311004784689
"12";12;"Tile row 2, col 18";1513712,12711641;1514330,3925484;5041423,17652417;5041975,71862131;0,666666666666667;0,411764705882353;0,238095238095238;1;0,062200956937799
"13";13;"Tile row 2, col 19";1514330,3925484;1514948,65799894;5041423,17652417;5041975,71862131;0;0;0,0476190476190476;1;0
"14";14;"Tile row 2, col 20";1514948,65799894;1515566,92343093;5041423,17652417;5041809,74080055;0;0;0,0476190476190476;1;0,0717703349282297
"15";15;"Tile row 2, col 21";1515566,92343093;1516185,18886292;5041423,17652417;5041860,02080453;0;0;0,142857142857143;1;0,133971291866029
"16";16;"Tile row 2, col 22";1516185,18886292;1516803,45431346;5041423,17652417;5041904,08579411;0;0,411764705882353;0,238095238095238;1;0,0334928229665072
"17";17;"Tile row 2, col 23";1516803,45431346;1517193,1332751;5041423,17652417;5041834,35580244;0;0;0,0476190476190476;0,666666666666667;0
"18";18;"Tile row 3, col 7";1507292,00698959;1507529,4727594;5040870,63440849;5041423,17652417;0;0;0;1;0
"19";19;"Tile row 3, col 8";1507529,4727594;1508147,73819139;5040870,63440849;5041423,17652417;0;0;0,0476190476190476;1;0
"20";20;"Tile row 3, col 9";1508147,73819139;1508766,00364193;5040870,63440849;5041193,79087773;0;0;0;0,666666666666667;0
"21";21;"Tile row 3, col 10";1508766,00364193;1509384,26907392;5040870,63440849;5040944,05090057;0;0;0;1;0
"22";22;"Tile row 3, col 11";1509384,26907392;1510002,53450591;5040870,63440849;5041075,26659249;0;0;0;1;0
"23";23;"Tile row 3, col 12";1510002,53450591;1510620,79995645;5040870,63440849;5041304,89586643;0;0;0;1;0
"24";24;"Tile row 3, col 13";1510620,79995645;1511239,06538844;5040870,63440849;5041222,06086705;0;0;0;1;0
"25";25;"Tile row 3, col 14";1511239,06538844;1511857,33082043;5040870,63440849;5041098,1877202;0;0;0;0,666666666666667;0
"26";26;"Tile row 3, col 15";1511857,33082043;1512475,59625243;5040870,63440849;5041423,17652417;0;0;0,238095238095238;0,333333333333333;0,0287081339712919
"27";27;"Tile row 3, col 16";1512475,59625243;1513093,86168442;5040870,63440849;5041423,17652417;1;0,411764705882353;0,761904761904762;1;0,172248803827751
"28";28;"Tile row 3, col 17";1513093,86168442;1513712,12711641;5040870,63440849;5041423,17652417;0,333333333333333;0,411764705882353;0,380952380952381;1;0,23444976076555
"29";29;"Tile row 3, col 18";1513712,12711641;1514330,3925484;5040870,63440849;5041423,17652417;0;0;0,19047619047619;1;0,0574162679425837
"30";30;"Tile row 3, col 19";1514330,3925484;1514948,65799894;5040870,63440849;5041423,17652417;0;0;0;1;0
"31";31;"Tile row 3, col 20";1514948,65799894;1515566,92343093;5040870,63440849;5041423,17652417;0;0;0,523809523809524;1;0,133971291866029
"32";32;"Tile row 3, col 21";1515566,92343093;1516185,18886292;5040870,63440849;5041423,17652417;0,333333333333333;0;0,0952380952380952;1;0,0334928229665072
"33";33;"Tile row 3, col 22";1516185,18886292;1516803,45431346;5040870,63440849;5041423,17652417;1;0;0,523809523809524;1;0,0813397129186603
"34";34;"Tile row 3, col 23";1516803,45431346;1517421,71974545;5040870,63440849;5041423,17652417;0;0;0,0952380952380952;0,666666666666667;0
"35";35;"Tile row 3, col 24";1517421,71974545;1518039,98519599;5040870,63440849;5041176,28067313;0;0;0,0952380952380952;0,666666666666667;0
"36";36;"Tile row 3, col 25";1518039,98519599;1518234,91720332;5040870,63440849;5041114,95587644;0;0;0;1;0
"37";37;"Tile row 4, col 7";1507265,7992741;1507529,4727594;5040318,09229281;5040870,63440849;0;0;0;1;0
"38";38;"Tile row 4, col 8";1507529,4727594;1508147,73819139;5040318,09229281;5040870,63440849;0;0;0;1;0
"39";39;"Tile row 4, col 9";1508147,73819139;1508766,00364193;5040318,09229281;5040870,63440849;0;0;0;1;0
"40";40;"Tile row 4, col 10";1508766,00364193;1509384,26907392;5040318,09229281;5040870,63440849;0;0;0,238095238095238;1;0
"41";41;"Tile row 4, col 11";1509384,26907392;1510002,53450591;5040318,09229281;5040870,63440849;0,333333333333333;0;0,0952380952380952;0,666666666666667;0,0478468899521531
"42";42;"Tile row 4, col 12";1510002,53450591;1510620,79995645;5040318,09229281;5040870,63440849;1;0,411764705882353;0,19047619047619;1;0,100478468899522
"43";43;"Tile row 4, col 13";1510620,79995645;1511239,06538844;5040318,09229281;5040870,63440849;0,666666666666667;0,411764705882353;0,571428571428571;1;0,349282296650718
"44";44;"Tile row 4, col 14";1511239,06538844;1511857,33082043;5040318,09229281;5040870,63440849;0,333333333333333;0;0,171428571428571;0,666666666666667;0
"45";45;"Tile row 4, col 15";1511857,33082043;1512475,59625243;5040318,09229281;5040870,63440849;0,666666666666667;0,411764705882353;0,238095238095238;1;0,100478468899522
"46";46;"Tile row 4, col 16";1512475,59625243;1513093,86168442;5040318,09229281;5040870,63440849;0;0;0,0761904761904762;1;0,0287081339712919
"47";47;"Tile row 4, col 17";1513093,86168442;1513712,12711641;5040318,09229281;5040870,63440849;1;0,411764705882353;0,19047619047619;1;0,507177033492823
"48";48;"Tile row 4, col 18";1513712,12711641;1514330,3925484;5040318,09229281;5040870,63440849;0,666666666666667;0;0;0,666666666666667;0,0574162679425837
"49";49;"Tile row 4, col 19";1514330,3925484;1514948,65799894;5040318,09229281;5040870,63440849;0,666666666666667;0;0,285714285714286;0,666666666666667;0,114832535885167
"50";50;"Tile row 4, col 20";1514948,65799894;1515566,92343093;5040318,09229281;5040870,63440849;0,333333333333333;0,411764705882353;0,380952380952381;0,666666666666667;0,287081339712919
"51";51;"Tile row 4, col 21";1515566,92343093;1516185,18886292;5040318,09229281;5040870,63440849;0,666666666666667;0,411764705882353;0,476190476190476;0,666666666666667;0,133971291866029
"52";52;"Tile row 4, col 22";1516185,18886292;1516803,45431346;5040318,09229281;5040870,63440849;0,333333333333333;0;0,380952380952381;1;0,114832535885167
"53";53;"Tile row 4, col 23";1516803,45431346;1517421,71974545;5040318,09229281;5040870,63440849;0;0;0,285714285714286;1;0,0334928229665072
"54";54;"Tile row 4, col 24";1517421,71974545;1518039,98519599;5040318,09229281;5040870,63440849;1;1;0,238095238095238;1;0,296650717703349
"55";55;"Tile row 4, col 25";1518039,98519599;1518658,25062798;5040318,09229281;5040870,63440849;0,333333333333333;0;0,0952380952380952;1;0
"56";56;"Tile row 4, col 26";1518658,25062798;1519276,51605997;5040318,09229281;5040688,19591962;0;0,411764705882353;0,285714285714286;0,666666666666667;0,0669856459330143
"57";57;"Tile row 4, col 27";1519276,51605997;1519894,78151051;5040318,09229281;5040809,0933982;0;0,294117647058824;0;0,666666666666667;0,0382775119617225
"58";58;"Tile row 4, col 28";1519894,78151051;1520513,0469425;5040318,09229281;5040817,74591172;0;0;0;1;0
"59";59;"Tile row 4, col 29";1520513,0469425;1521015,69789371;5040318,09229281;5040465,24882763;0;0;0;1;0
"60";60;"Tile row 5, col 7";1507440,16926917;1507529,4727594;5039955,58012473;5040318,09229281;0;0;0;1;0
"61";61;"Tile row 5, col 8";1507529,4727594;1508147,73819139;5039765,55017712;5040318,09229281;0;0;0;1;0
"62";62;"Tile row 5, col 9";1508147,73819139;1508766,00364193;5039765,55017712;5040318,09229281;0;0;0;1;0
"63";63;"Tile row 5, col 10";1508766,00364193;1509384,26907392;5039765,55017712;5040318,09229281;0;0;0;0,666666666666667;0
"64";64;"Tile row 5, col 11";1509384,26907392;1510002,53450591;5039765,55017712;5040318,09229281;0,333333333333333;0;0,142857142857143;0,666666666666667;0,119617224880383
"65";65;"Tile row 5, col 12";1510002,53450591;1510620,79995645;5039765,55017712;5040318,09229281;1;0,411764705882353;0,285714285714286;1;0,263157894736842
"66";66;"Tile row 5, col 13";1510620,79995645;1511239,06538844;5039765,55017712;5040318,09229281;0,333333333333333;0,411764705882353;0,19047619047619;1;0,406698564593301
"67";67;"Tile row 5, col 14";1511239,06538844;1511857,33082043;5039765,55017712;5040318,09229281;1;0,411764705882353;0,380952380952381;1;0,0717703349282297
"68";68;"Tile row 5, col 15";1511857,33082043;1512475,59625243;5039765,55017712;5040318,09229281;0,333333333333333;0;0,0952380952380952;0,333333333333333;0,100478468899522
"69";69;"Tile row 5, col 16";1512475,59625243;1513093,86168442;5039765,55017712;5040318,09229281;0,333333333333333;0;0,238095238095238;0,666666666666667;0,0382775119617225
"70";70;"Tile row 5, col 17";1513093,86168442;1513712,12711641;5039765,55017712;5040318,09229281;0,666666666666667;0,411764705882353;0,0476190476190476;0,666666666666667;0,15311004784689
"71";71;"Tile row 5, col 18";1513712,12711641;1514330,3925484;5039765,55017712;5040318,09229281;0,333333333333333;0;0;1;0,062200956937799
"72";72;"Tile row 5, col 19";1514330,3925484;1514948,65799894;5039765,55017712;5040318,09229281;0,333333333333333;0,411764705882353;0,19047619047619;1;0,0717703349282297
"73";73;"Tile row 5, col 20";1514948,65799894;1515566,92343093;5039765,55017712;5040318,09229281;1;0,411764705882353;0,523809523809524;1;0,148325358851675
"74";74;"Tile row 5, col 21";1515566,92343093;1516185,18886292;5039765,55017712;5040318,09229281;0;0,411764705882353;0,714285714285714;1;0,172248803827751
"75";75;"Tile row 5, col 22";1516185,18886292;1516803,45431346;5039765,55017712;5040318,09229281;0,333333333333333;0,411764705882353;0,761904761904762;1;0,200956937799043
"76";76;"Tile row 5, col 23";1516803,45431346;1517421,71974545;5039765,55017712;5040318,09229281;0,333333333333333;0,294117647058824;0,40952380952381;0,333333333333333;0,129186602870813
"77";77;"Tile row 5, col 24";1517421,71974545;1518039,98519599;5039765,55017712;5040318,09229281;1;1;0,476190476190476;0,333333333333333;0,220095693779904
"78";78;"Tile row 5, col 25";1518039,98519599;1518658,25062798;5039765,55017712;5040318,09229281;0;0,411764705882353;0,380952380952381;0,333333333333333;0
"79";79;"Tile row 5, col 26";1518658,25062798;1519276,51605997;5039765,55017712;5040318,09229281;0,333333333333333;0;0,333333333333333;1;0,0334928229665072
"80";80;"Tile row 5, col 27";1519276,51605997;1519894,78151051;5039765,55017712;5040318,09229281;0,666666666666667;0;0,666666666666667;1;0,062200956937799
"81";81;"Tile row 5, col 28";1519894,78151051;1520513,0469425;5039765,55017712;5040318,09229281;0;0;0,428571428571429;1;0
"82";82;"Tile row 5, col 29";1520513,0469425;1521013,45216197;5039765,55017712;5040318,09229281;0;0;0,0476190476190476;0,666666666666667;0
"83";83;"Tile row 6, col 7";1507175,32642753;1507529,4727594;5039213,00806144;5039342,19106354;0;0;0;1;0
"84";84;"Tile row 6, col 8";1507529,4727594;1508147,73819139;5039213,00806144;5039765,55017712;0;0;0,0952380952380952;0,666666666666667;0
"85";85;"Tile row 6, col 9";1508147,73819139;1508766,00364193;5039213,00806144;5039765,55017712;0;0;0,19047619047619;1;0
"86";86;"Tile row 6, col 10";1508766,00364193;1509384,26907392;5039213,00806144;5039765,55017712;0;0;0,19047619047619;1;0
"87";87;"Tile row 6, col 11";1509384,26907392;1510002,53450591;5039213,00806144;5039765,55017712;0;0;0;1;0
"88";88;"Tile row 6, col 12";1510002,53450591;1510620,79995645;5039213,00806144;5039765,55017712;0;0,411764705882353;0,171428571428571;1;0,129186602870813
"89";89;"Tile row 6, col 13";1510620,79995645;1511239,06538844;5039213,00806144;5039765,55017712;0;0;0,285714285714286;0,666666666666667;0,143540669856459
"90";90;"Tile row 6, col 14";1511239,06538844;1511857,33082043;5039213,00806144;5039765,55017712;0;0;0;1;0
"91";91;"Tile row 6, col 15";1511857,33082043;1512475,59625243;5039213,00806144;5039765,55017712;0;0;0;0,666666666666667;0
"92";92;"Tile row 6, col 16";1512475,59625243;1513093,86168442;5039213,00806144;5039765,55017712;0;0;0,333333333333333;0,333333333333333;0
"93";93;"Tile row 6, col 17";1513093,86168442;1513712,12711641;5039213,00806144;5039765,55017712;0;0;0;0;0,062200956937799
"94";94;"Tile row 6, col 18";1513712,12711641;1514330,3925484;5039213,00806144;5039765,55017712;1;0,411764705882353;0;0,666666666666667;0,186602870813397
"95";95;"Tile row 6, col 19";1514330,3925484;1514948,65799894;5039213,00806144;5039765,55017712;0,333333333333333;0,294117647058824;0,428571428571429;1;0,0287081339712919
"96";96;"Tile row 6, col 20";1514948,65799894;1515566,92343093;5039213,00806144;5039765,55017712;0,666666666666667;0,411764705882353;0,476190476190476;1;0,31578947368421
"97";97;"Tile row 6, col 21";1515566,92343093;1516185,18886292;5039213,00806144;5039765,55017712;1;0;0,761904761904762;1;0,368421052631579
"98";98;"Tile row 6, col 22";1516185,18886292;1516803,45431346;5039213,00806144;5039765,55017712;0;0;0,333333333333333;0,333333333333333;0,0574162679425837
"99";99;"Tile row 6, col 23";1516803,45431346;1517421,71974545;5039213,00806144;5039765,55017712;0;0;0,0952380952380952;1;0,0287081339712919
"100";100;"Tile row 6, col 24";1517421,71974545;1518039,98519599;5039213,00806144;5039765,55017712;0,666666666666667;1;0,333333333333333;0,666666666666667;0,0669856459330143
"101";101;"Tile row 6, col 25";1518039,98519599;1518658,25062798;5039213,00806144;5039765,55017712;1;0,705882352941177;0,19047619047619;1;0,258373205741627
"102";102;"Tile row 6, col 26";1518658,25062798;1519276,51605997;5039213,00806144;5039765,55017712;0,333333333333333;0,705882352941177;0,0952380952380952;0,666666666666667;0,129186602870813
"103";103;"Tile row 6, col 27";1519276,51605997;1519894,78151051;5039213,00806144;5039765,55017712;0,333333333333333;0,705882352941177;0,666666666666667;1;0,196172248803828
"104";104;"Tile row 6, col 28";1519894,78151051;1520513,0469425;5039213,00806144;5039765,55017712;0;0;0,0952380952380952;1;0
"105";105;"Tile row 6, col 29";1520513,0469425;1521131,31237449;5039213,00806144;5039765,55017712;0,333333333333333;0;0,0952380952380952;0,666666666666667;0,0909090909090909
"106";106;"Tile row 6, col 30";1521131,31237449;1521509,53770921;5039213,00806144;5039566,13603595;0;0;0;1;0
"107";107;"Tile row 7, col 2";1504219,64458406;1504438,14556235;5038660,46596431;5039118,46030155;0;0;0;1;0
"108";108;"Tile row 7, col 3";1504438,14556235;1505056,41099434;5038660,46596431;5039122,45607071;0;0;0;1;0
"109";109;"Tile row 7, col 4";1505056,41099434;1505674,67644488;5038660,46596431;5039183,60106344;0;0;0;0,666666666666667;0
"110";110;"Tile row 7, col 5";1505674,67644488;1505815,47316136;5038660,46596431;5039193,86107328;0;0;0;1;0
"111";111;"Tile row 7, col 7";1507071,91136871;1507529,4727594;5038660,46596431;5039213,00806144;0;0;0,523809523809524;1;0
"112";112;"Tile row 7, col 8";1507529,4727594;1508147,73819139;5038660,46596431;5039213,00806144;0,666666666666667;0,411764705882353;0,285714285714286;0,666666666666667;0,148325358851675
"113";113;"Tile row 7, col 9";1508147,73819139;1508766,00364193;5038660,46596431;5039213,00806144;0;0;0,380952380952381;1;0
"114";114;"Tile row 7, col 10";1508766,00364193;1509384,26907392;5038660,46596431;5039213,00806144;0;0;0,285714285714286;0,666666666666667;0,0717703349282297
"115";115;"Tile row 7, col 11";1509384,26907392;1510002,53450591;5038660,46596431;5039213,00806144;0,666666666666667;0,411764705882353;0,80952380952381;0,5;0,105263157894737
"116";116;"Tile row 7, col 12";1510002,53450591;1510620,79995645;5038660,46596431;5039213,00806144;0,666666666666667;0;0,238095238095238;0,666666666666667;0,0287081339712919
"117";117;"Tile row 7, col 13";1510620,79995645;1511239,06538844;5038660,46596431;5039213,00806144;0;0;0,428571428571429;0,333333333333333;0,133971291866029
"118";118;"Tile row 7, col 14";1511239,06538844;1511857,33082043;5038660,46596431;5039213,00806144;0,666666666666667;0;0,0761904761904762;0,666666666666667;0,0287081339712919
"119";119;"Tile row 7, col 15";1511857,33082043;1512475,59625243;5038660,46596431;5039213,00806144;0;0;0,0761904761904762;0,666666666666667;0,0334928229665072
"120";120;"Tile row 7, col 16";1512475,59625243;1513093,86168442;5038660,46596431;5039213,00806144;0,666666666666667;0,411764705882353;0,476190476190476;0,666666666666667;0,559808612440191
"121";121;"Tile row 7, col 17";1513093,86168442;1513712,12711641;5038660,46596431;5039213,00806144;1;0,411764705882353;0,285714285714286;1;0,110047846889952
"122";122;"Tile row 7, col 18";1513712,12711641;1514330,3925484;5038660,46596431;5039213,00806144;0,666666666666667;0,411764705882353;0,333333333333333;0,333333333333333;0,339712918660287
"123";123;"Tile row 7, col 19";1514330,3925484;1514948,65799894;5038660,46596431;5039213,00806144;0,666666666666667;0,411764705882353;0,238095238095238;1;0,133971291866029
"124";124;"Tile row 7, col 20";1514948,65799894;1515566,92343093;5038660,46596431;5039213,00806144;0,666666666666667;0,705882352941177;0,380952380952381;1;0,320574162679426
"125";125;"Tile row 7, col 21";1515566,92343093;1516185,18886292;5038660,46596431;5039213,00806144;0,666666666666667;0;0,238095238095238;0,666666666666667;0
"126";126;"Tile row 7, col 22";1516185,18886292;1516803,45431346;5038660,46596431;5039213,00806144;1;0,294117647058824;0,285714285714286;0,333333333333333;0,076555023923445
"127";127;"Tile row 7, col 23";1516803,45431346;1517421,71974545;5038660,46596431;5039213,00806144;1;0,705882352941177;0,0476190476190476;1;0,30622009569378
"128";128;"Tile row 7, col 24";1517421,71974545;1518039,98519599;5038660,46596431;5039213,00806144;0,666666666666667;0,705882352941177;0,238095238095238;1;0,267942583732057
"129";129;"Tile row 7, col 25";1518039,98519599;1518658,25062798;5038660,46596431;5039213,00806144;0,333333333333333;0,294117647058824;0,19047619047619;0,666666666666667;0,23444976076555
"130";130;"Tile row 7, col 26";1518658,25062798;1519276,51605997;5038660,46596431;5039213,00806144;1;0,705882352941177;0,476190476190476;0,333333333333333;0,507177033492823
"131";131;"Tile row 7, col 27";1519276,51605997;1519894,78151051;5038660,46596431;5039213,00806144;0,666666666666667;0,705882352941177;0,380952380952381;1;0,0956937799043062
"132";132;"Tile row 7, col 28";1519894,78151051;1520513,0469425;5038660,46596431;5039213,00806144;0;0;0;1;0
"133";133;"Tile row 7, col 29";1520513,0469425;1521131,31237449;5039051,15549317;5039213,00806144;0;0;0;1;0
"134";134;"Tile row 7, col 30";1521131,31237449;1521749,57780648;5038752,24111902;5039213,00806144;0;0;0;1;0
"135";135;"Tile row 8, col 2";1504336,29712015;1504438,14556235;5038293,48214199;5038660,46596431;0;0;0;1;0
"136";136;"Tile row 8, col 3";1504438,14556235;1505056,41099434;5038107,92384862;5038660,46596431;0;0;0;0,666666666666667;0
"137";137;"Tile row 8, col 4";1505056,41099434;1505674,67644488;5038107,92384862;5038660,46596431;0;0;0;1;0
"138";138;"Tile row 8, col 5";1505674,67644488;1506292,94187687;5038107,92384862;5038660,46596431;0;0;0;1;0
"139";139;"Tile row 8, col 6";1506292,94187687;1506911,20730886;5038107,92384862;5038392,03615062;0;0;0;1;0
"140";140;"Tile row 8, col 7";1506911,20730886;1507529,4727594;5038107,92384862;5038660,46596431;0;0;0;1;0
"141";141;"Tile row 8, col 8";1507529,4727594;1508147,73819139;5038107,92384862;5038660,46596431;0,333333333333333;0;0,238095238095238;1;0,0287081339712919
"142";142;"Tile row 8, col 9";1508147,73819139;1508766,00364193;5038107,92384862;5038660,46596431;1;0,411764705882353;0,428571428571429;1;0,0956937799043062
"143";143;"Tile row 8, col 10";1508766,00364193;1509384,26907392;5038107,92384862;5038660,46596431;0;0,411764705882353;0,19047619047619;1;0,0334928229665072
"144";144;"Tile row 8, col 11";1509384,26907392;1510002,53450591;5038107,92384862;5038660,46596431;0,333333333333333;0,411764705882353;0,285714285714286;1;0,0334928229665072
"145";145;"Tile row 8, col 12";1510002,53450591;1510620,79995645;5038107,92384862;5038660,46596431;0;0;0,333333333333333;0,666666666666667;0,062200956937799
"146";146;"Tile row 8, col 13";1510620,79995645;1511239,06538844;5038107,92384862;5038660,46596431;1;0,411764705882353;0,380952380952381;0,333333333333333;0,239234449760766
"147";147;"Tile row 8, col 14";1511239,06538844;1511857,33082043;5038107,92384862;5038660,46596431;0,666666666666667;0,411764705882353;0,428571428571429;0,333333333333333;0,397129186602871
"148";148;"Tile row 8, col 15";1511857,33082043;1512475,59625243;5038107,92384862;5038660,46596431;0,666666666666667;0,411764705882353;0,142857142857143;1;0,320574162679426
"149";149;"Tile row 8, col 16";1512475,59625243;1513093,86168442;5038107,92384862;5038660,46596431;0;0;0,0952380952380952;0,666666666666667;0,172248803827751
"150";150;"Tile row 8, col 17";1513093,86168442;1513712,12711641;5038107,92384862;5038660,46596431;1;0,411764705882353;0,238095238095238;0,333333333333333;0,507177033492823
"151";151;"Tile row 8, col 18";1513712,12711641;1514330,3925484;5038107,92384862;5038660,46596431;0,333333333333333;0,411764705882353;0,285714285714286;1;0,196172248803828
"152";152;"Tile row 8, col 19";1514330,3925484;1514948,65799894;5038107,92384862;5038660,46596431;1;0,411764705882353;0,476190476190476;1;0,502392344497608
"153";153;"Tile row 8, col 20";1514948,65799894;1515566,92343093;5038107,92384862;5038660,46596431;1;0,705882352941177;0,238095238095238;1;0,416267942583732
"154";154;"Tile row 8, col 21";1515566,92343093;1516185,18886292;5038107,92384862;5038660,46596431;0,333333333333333;0,588235294117647;0,142857142857143;0,666666666666667;0,062200956937799
"155";155;"Tile row 8, col 22";1516185,18886292;1516803,45431346;5038107,92384862;5038660,46596431;0,666666666666667;1;0,428571428571429;0,666666666666667;0,248803827751196
"156";156;"Tile row 8, col 23";1516803,45431346;1517421,71974545;5038107,92384862;5038660,46596431;0;0,705882352941177;0,0952380952380952;0,666666666666667;0,0669856459330143
"157";157;"Tile row 8, col 24";1517421,71974545;1518039,98519599;5038107,92384862;5038660,46596431;1;1;0,142857142857143;1;0,172248803827751
"158";158;"Tile row 8, col 25";1518039,98519599;1518658,25062798;5038107,92384862;5038660,46596431;0;0,705882352941177;0,19047619047619;0,666666666666667;0,550239234449761
"159";159;"Tile row 8, col 26";1518658,25062798;1519276,51605997;5038107,92384862;5038660,46596431;0,333333333333333;0,294117647058824;0,238095238095238;1;0,148325358851675
"160";160;"Tile row 8, col 27";1519276,51605997;1519894,78151051;5038107,92384862;5038660,46596431;0,666666666666667;0;0;1;0,0574162679425837
"161";161;"Tile row 8, col 28";1519894,78151051;1520475,09675267;5038107,92384862;5038660,46596431;0;0;0,0476190476190476;1;0
"162";162;"Tile row 9, col 3";1504608,0987866;1505056,41099434;5037555,38173294;5038107,92384862;0;0;0;1;0
"163";163;"Tile row 9, col 4";1505056,41099434;1505674,67644488;5037555,38173294;5038107,92384862;0;0;0;1;0,0287081339712919
"164";164;"Tile row 9, col 5";1505674,67644488;1506292,94187687;5037555,38173294;5038107,92384862;1;0,411764705882353;0,142857142857143;0,666666666666667;0,157894736842105
"165";165;"Tile row 9, col 6";1506292,94187687;1506911,20730886;5037555,38173294;5038107,92384862;0;0;0;1;0
"166";166;"Tile row 9, col 7";1506911,20730886;1507529,4727594;5037555,38173294;5038107,92384862;0;0;0;1;0
"167";167;"Tile row 9, col 8";1507529,4727594;1508147,73819139;5037555,38173294;5038107,92384862;0,333333333333333;0;0,0952380952380952;0,666666666666667;0,0669856459330143
"168";168;"Tile row 9, col 9";1508147,73819139;1508766,00364193;5037555,38173294;5038107,92384862;0,333333333333333;0,411764705882353;0,285714285714286;1;0,196172248803828
"169";169;"Tile row 9, col 10";1508766,00364193;1509384,26907392;5037555,38173294;5038107,92384862;0,333333333333333;0,411764705882353;0,380952380952381;0,666666666666667;0,148325358851675
"170";170;"Tile row 9, col 11";1509384,26907392;1510002,53450591;5037555,38173294;5038107,92384862;1;0,411764705882353;0,428571428571429;1;0,105263157894737
"171";171;"Tile row 9, col 12";1510002,53450591;1510620,79995645;5037555,38173294;5038107,92384862;1;0,411764705882353;0,238095238095238;1;0,0287081339712919
"172";172;"Tile row 9, col 13";1510620,79995645;1511239,06538844;5037555,38173294;5038107,92384862;0;0,411764705882353;0,428571428571429;0,333333333333333;0,220095693779904
"173";173;"Tile row 9, col 14";1511239,06538844;1511857,33082043;5037555,38173294;5038107,92384862;0,666666666666667;0,411764705882353;0,761904761904762;0,666666666666667;0,593301435406698
"174";174;"Tile row 9, col 15";1511857,33082043;1512475,59625243;5037555,38173294;5038107,92384862;1;0,411764705882353;0,523809523809524;1;0,30622009569378
"175";175;"Tile row 9, col 16";1512475,59625243;1513093,86168442;5037555,38173294;5038107,92384862;0;0,411764705882353;0;0,666666666666667;0,15311004784689
"176";176;"Tile row 9, col 17";1513093,86168442;1513712,12711641;5037555,38173294;5038107,92384862;0,333333333333333;0;0,0761904761904762;1;0,0478468899521531
"177";177;"Tile row 9, col 18";1513712,12711641;1514330,3925484;5037555,38173294;5038107,92384862;0;0;0,19047619047619;1;0,105263157894737
"178";178;"Tile row 9, col 19";1514330,3925484;1514948,65799894;5037555,38173294;5038107,92384862;0,666666666666667;0,705882352941177;0,380952380952381;0,666666666666667;0,593301435406699
"179";179;"Tile row 9, col 20";1514948,65799894;1515566,92343093;5037555,38173294;5038107,92384862;0,666666666666667;0,411764705882353;1;0,666666666666667;0,129186602870813
"180";180;"Tile row 9, col 21";1515566,92343093;1516185,18886292;5037555,38173294;5038107,92384862;0,333333333333333;1;0,619047619047619;1;0,167464114832536
"181";181;"Tile row 9, col 22";1516185,18886292;1516803,45431346;5037555,38173294;5038107,92384862;0,333333333333333;1;0,333333333333333;0,666666666666667;0,30622009569378
"182";182;"Tile row 9, col 23";1516803,45431346;1517421,71974545;5037555,38173294;5038107,92384862;1;0,705882352941177;0,476190476190476;1;1
"183";183;"Tile row 9, col 24";1517421,71974545;1518039,98519599;5037555,38173294;5038107,92384862;0;0,294117647058824;0,333333333333333;1;0,54066985645933
"184";184;"Tile row 9, col 25";1518039,98519599;1518658,25062798;5037555,38173294;5038107,92384862;1;0,705882352941177;0,333333333333333;1;0,30622009569378
"185";185;"Tile row 9, col 26";1518658,25062798;1519276,51605997;5037555,38173294;5038107,92384862;0;0;0,142857142857143;1;0,0287081339712919
"186";186;"Tile row 9, col 27";1519276,51605997;1519894,78151051;5037555,38173294;5038107,92384862;0;0;0,0952380952380952;1;0
"187";187;"Tile row 9, col 28";1519894,78151051;1520502,25794475;5037555,38173294;5038107,92384862;0;0;0;1;0,0382775119617225
"188";188;"Tile row 10, col 3";1504798,39665953;1505056,41099434;5037235,5512659;5037555,38173294;0;0;0;1;0
"189";189;"Tile row 10, col 4";1505056,41099434;1505674,67644488;5037002,83961726;5037555,38173294;1;0;0;0,666666666666667;0
"190";190;"Tile row 10, col 5";1505674,67644488;1506292,94187687;5037002,83961726;5037555,38173294;0;0;0,0476190476190476;1;0
"191";191;"Tile row 10, col 6";1506292,94187687;1506911,20730886;5037002,83961726;5037555,38173294;0;0;0;1;0
"192";192;"Tile row 10, col 7";1506911,20730886;1507529,4727594;5037002,83961726;5037555,38173294;0;0;0;1;0
"193";193;"Tile row 10, col 8";1507529,4727594;1508147,73819139;5037002,83961726;5037555,38173294;0,333333333333333;0,411764705882353;0;1;0,129186602870813
"194";194;"Tile row 10, col 9";1508147,73819139;1508766,00364193;5037002,83961726;5037555,38173294;0,333333333333333;0;0;1;0
"195";195;"Tile row 10, col 10";1508766,00364193;1509384,26907392;5037002,83961726;5037555,38173294;0,333333333333333;0,411764705882353;0,0476190476190476;1;0,0574162679425837
"196";196;"Tile row 10, col 11";1509384,26907392;1510002,53450591;5037002,83961726;5037555,38173294;0;0,411764705882353;0,19047619047619;1;0,0334928229665072
"197";197;"Tile row 10, col 12";1510002,53450591;1510620,79995645;5037002,83961726;5037555,38173294;0,666666666666667;0;0,0952380952380952;1;0,0382775119617225
"198";198;"Tile row 10, col 13";1510620,79995645;1511239,06538844;5037002,83961726;5037555,38173294;0;0,411764705882353;0,142857142857143;0,666666666666667;0,062200956937799
"199";199;"Tile row 10, col 14";1511239,06538844;1511857,33082043;5037002,83961726;5037555,38173294;0;0,411764705882353;0,380952380952381;1;0,244019138755981
"200";200;"Tile row 10, col 15";1511857,33082043;1512475,59625243;5037002,83961726;5037555,38173294;1;0,411764705882353;0,761904761904762;1;0,320574162679426
"201";201;"Tile row 10, col 16";1512475,59625243;1513093,86168442;5037002,83961726;5037555,38173294;0,333333333333333;0,411764705882353;0,504761904761905;0,666666666666667;0,397129186602871
"202";202;"Tile row 10, col 17";1513093,86168442;1513712,12711641;5037002,83961726;5037555,38173294;0;0;0,238095238095238;0,333333333333333;0,177033492822966
"203";203;"Tile row 10, col 18";1513712,12711641;1514330,3925484;5037002,83961726;5037555,38173294;0,333333333333333;0;0,0476190476190476;1;0,0526315789473684
"204";204;"Tile row 10, col 19";1514330,3925484;1514948,65799894;5037002,83961726;5037555,38173294;1;0,411764705882353;0,333333333333333;1;0,598086124401914
"205";205;"Tile row 10, col 20";1514948,65799894;1515566,92343093;5037002,83961726;5037555,38173294;0,666666666666667;0,411764705882353;0,238095238095238;1;0,215311004784689
"206";206;"Tile row 10, col 21";1515566,92343093;1516185,18886292;5037002,83961726;5037555,38173294;1;0,705882352941177;0,952380952380952;0,666666666666667;0,626794258373206
"207";207;"Tile row 10, col 22";1516185,18886292;1516803,45431346;5037002,83961726;5037555,38173294;0,666666666666667;0,705882352941177;0,333333333333333;0,666666666666667;0,425837320574163
"208";208;"Tile row 10, col 23";1516803,45431346;1517421,71974545;5037002,83961726;5037555,38173294;0,666666666666667;0,705882352941177;0,428571428571429;1;0,645933014354067
"209";209;"Tile row 10, col 24";1517421,71974545;1518039,98519599;5037002,83961726;5037555,38173294;0,666666666666667;1;0,380952380952381;1;0,607655502392344
"210";210;"Tile row 10, col 25";1518039,98519599;1518658,25062798;5037002,83961726;5037555,38173294;0,333333333333333;1;0,171428571428571;1;0,248803827751196
"211";211;"Tile row 10, col 26";1518658,25062798;1519276,51605997;5037002,83961726;5037555,38173294;1;0,705882352941177;0,380952380952381;1;0,215311004784689
"212";212;"Tile row 10, col 27";1519276,51605997;1519894,78151051;5037002,83961726;5037555,38173294;0,666666666666667;0;0,238095238095238;1;0
"213";213;"Tile row 10, col 28";1519894,78151051;1520430,05294998;5037002,83961726;5037555,38173294;0;0;0,0476190476190476;1;0
"214";214;"Tile row 11, col 4";1505160,57948997;1505674,67644488;5036450,29752012;5037002,83961726;0;0;0;1;0
"215";215;"Tile row 11, col 5";1505674,67644488;1506292,94187687;5036450,29752012;5037002,83961726;0;0;0;1;0
"216";216;"Tile row 11, col 6";1506292,94187687;1506911,20730886;5036450,29752012;5037002,83961726;0;0;0,0476190476190476;0,666666666666667;0
"217";217;"Tile row 11, col 7";1506911,20730886;1507529,4727594;5036450,29752012;5037002,83961726;0;0;0,0476190476190476;0,666666666666667;0,0191387559808612
"218";218;"Tile row 11, col 8";1507529,4727594;1508147,73819139;5036450,29752012;5037002,83961726;0;0;0;1;0,0287081339712919
"219";219;"Tile row 11, col 9";1508147,73819139;1508766,00364193;5036450,29752012;5037002,83961726;0;0;0;1;0
"220";220;"Tile row 11, col 10";1508766,00364193;1509384,26907392;5036450,29752012;5037002,83961726;0;0;0;1;0,0287081339712919
"221";221;"Tile row 11, col 11";1509384,26907392;1510002,53450591;5036450,29752012;5037002,83961726;0;0;0;1;0,0334928229665072
"222";222;"Tile row 11, col 12";1510002,53450591;1510620,79995645;5036450,29752012;5037002,83961726;0,666666666666667;0;0;1;0
"223";223;"Tile row 11, col 13";1510620,79995645;1511239,06538844;5036450,29752012;5037002,83961726;0,666666666666667;0,411764705882353;0,380952380952381;1;0,0909090909090909
"224";224;"Tile row 11, col 14";1511239,06538844;1511857,33082043;5036450,29752012;5037002,83961726;1;0,411764705882353;0,238095238095238;1;0,129186602870813
"225";225;"Tile row 11, col 15";1511857,33082043;1512475,59625243;5036450,29752012;5037002,83961726;1;0,411764705882353;0,238095238095238;1;0,334928229665072
"226";226;"Tile row 11, col 16";1512475,59625243;1513093,86168442;5036450,29752012;5037002,83961726;0,333333333333333;0,411764705882353;0,619047619047619;0,666666666666667;0,334928229665072
"227";227;"Tile row 11, col 17";1513093,86168442;1513712,12711641;5036450,29752012;5037002,83961726;1;0,411764705882353;0,238095238095238;0,666666666666667;0,421052631578947
"228";228;"Tile row 11, col 18";1513712,12711641;1514330,3925484;5036450,29752012;5037002,83961726;0,333333333333333;0,411764705882353;0,761904761904762;0,833333333333333;0,507177033492823
"229";229;"Tile row 11, col 19";1514330,3925484;1514948,65799894;5036450,29752012;5037002,83961726;0,666666666666667;0,411764705882353;0,219047619047619;1;0,162679425837321
"230";230;"Tile row 11, col 20";1514948,65799894;1515566,92343093;5036450,29752012;5037002,83961726;0,333333333333333;0,411764705882353;0,285714285714286;0,666666666666667;0,277511961722488
"231";231;"Tile row 11, col 21";1515566,92343093;1516185,18886292;5036450,29752012;5037002,83961726;1;0,705882352941177;0,552380952380952;1;0,339712918660287
"232";232;"Tile row 11, col 22";1516185,18886292;1516803,45431346;5036450,29752012;5037002,83961726;0,666666666666667;0,705882352941177;0,523809523809524;0,666666666666667;0,808612440191388
"233";233;"Tile row 11, col 23";1516803,45431346;1517421,71974545;5036450,29752012;5037002,83961726;1;1;0,761904761904762;0,666666666666667;0,430622009569378
"234";234;"Tile row 11, col 24";1517421,71974545;1518039,98519599;5036450,29752012;5037002,83961726;0,666666666666667;0,705882352941177;0,333333333333333;0,833333333333333;0,69377990430622
"235";235;"Tile row 11, col 25";1518039,98519599;1518658,25062798;5036450,29752012;5037002,83961726;0;1;0,904761904761905;1;0,923444976076555
"236";236;"Tile row 11, col 26";1518658,25062798;1519276,51605997;5036450,29752012;5037002,83961726;1;0,705882352941177;0,333333333333333;0,666666666666667;0,186602870813397
"237";237;"Tile row 11, col 27";1519276,51605997;1519894,78151051;5036450,29752012;5037002,83961726;0;0;0;0,333333333333333;0
"238";238;"Tile row 11, col 28";1519894,78151051;1520513,0469425;5036450,29752012;5037002,83961726;0;0;0;1;0
"239";239;"Tile row 11, col 29";1520513,0469425;1520725,55791174;5036450,29752012;5036796,04748585;0;0;0;1;0
"240";240;"Tile row 12, col 4";1505387,79654566;1505674,67644488;5036144,47098783;5036450,29752012;0;0;0;1;0
"241";241;"Tile row 12, col 5";1505674,67644488;1506292,94187687;5035897,75540444;5036450,29752012;0;0;0;1;0
"242";242;"Tile row 12, col 6";1506292,94187687;1506911,20730886;5035897,75540444;5036450,29752012;0;0;0,142857142857143;0,666666666666667;0,0287081339712919
"243";243;"Tile row 12, col 7";1506911,20730886;1507529,4727594;5035897,75540444;5036450,29752012;0,333333333333333;0;0,238095238095238;1;0,062200956937799
"244";244;"Tile row 12, col 8";1507529,4727594;1508147,73819139;5035897,75540444;5036450,29752012;0,333333333333333;0;0,0952380952380952;0,666666666666667;0,0334928229665072
"245";245;"Tile row 12, col 9";1508147,73819139;1508766,00364193;5035897,75540444;5036450,29752012;0;0;0,142857142857143;1;0,062200956937799
"246";246;"Tile row 12, col 10";1508766,00364193;1509384,26907392;5035897,75540444;5036450,29752012;0;0;0;1;0
"247";247;"Tile row 12, col 11";1509384,26907392;1510002,53450591;5035897,75540444;5036450,29752012;0;0;0,0476190476190476;0,666666666666667;0,0861244019138756
"248";248;"Tile row 12, col 12";1510002,53450591;1510620,79995645;5035897,75540444;5036450,29752012;0;0;0;1;0,0287081339712919
"249";249;"Tile row 12, col 13";1510620,79995645;1511239,06538844;5035897,75540444;5036450,29752012;0,666666666666667;0;0,285714285714286;1;0,0574162679425837
"250";250;"Tile row 12, col 14";1511239,06538844;1511857,33082043;5035897,75540444;5036450,29752012;0,333333333333333;0,411764705882353;0,571428571428571;0,666666666666667;0,263157894736842
"251";251;"Tile row 12, col 15";1511857,33082043;1512475,59625243;5035897,75540444;5036450,29752012;0;0;0,0952380952380952;1;0
"252";252;"Tile row 12, col 16";1512475,59625243;1513093,86168442;5035897,75540444;5036450,29752012;0,333333333333333;0,411764705882353;0,428571428571429;1;0,253588516746411
"253";253;"Tile row 12, col 17";1513093,86168442;1513712,12711641;5035897,75540444;5036450,29752012;0,666666666666667;1;0,523809523809524;1;0,818181818181818
"254";254;"Tile row 12, col 18";1513712,12711641;1514330,3925484;5035897,75540444;5036450,29752012;1;0,705882352941177;0,619047619047619;0,666666666666667;0,325358851674641
"255";255;"Tile row 12, col 19";1514330,3925484;1514948,65799894;5035897,75540444;5036450,29752012;1;1;0,285714285714286;0,333333333333333;0,77511961722488
"256";256;"Tile row 12, col 20";1514948,65799894;1515566,92343093;5035897,75540444;5036450,29752012;0,666666666666667;0,411764705882353;0,742857142857143;1;0,325358851674641
"257";257;"Tile row 12, col 21";1515566,92343093;1516185,18886292;5035897,75540444;5036450,29752012;1;1;0,428571428571429;1;0,449760765550239
"258";258;"Tile row 12, col 22";1516185,18886292;1516803,45431346;5035897,75540444;5036450,29752012;0,333333333333333;1;0,238095238095238;1;0,746411483253588
"259";259;"Tile row 12, col 23";1516803,45431346;1517421,71974545;5035897,75540444;5036450,29752012;0,666666666666667;1;0,142857142857143;0,666666666666667;0,784688995215311
"260";260;"Tile row 12, col 24";1517421,71974545;1518039,98519599;5035897,75540444;5036450,29752012;0,333333333333333;0,705882352941177;0,952380952380952;1;0,325358851674641
"261";261;"Tile row 12, col 25";1518039,98519599;1518658,25062798;5035897,75540444;5036450,29752012;0,666666666666667;0,294117647058824;0,285714285714286;1;0,181818181818182
"262";262;"Tile row 12, col 26";1518658,25062798;1519276,51605997;5035897,75540444;5036450,29752012;0;0,411764705882353;0,285714285714286;0,333333333333333;0,133971291866029
"263";263;"Tile row 12, col 27";1519276,51605997;1519894,78151051;5035897,75540444;5036450,29752012;0;0;0,285714285714286;0,666666666666667;0,0574162679425837
"264";264;"Tile row 12, col 28";1519894,78151051;1520513,0469425;5035897,75540444;5036450,29752012;0;0;0,142857142857143;0,333333333333333;0
"265";265;"Tile row 12, col 29";1520513,0469425;1520718,45899416;5036223,86137078;5036450,29752012;0;0;0;1;0
"266";266;"Tile row 13, col 5";1505868,61442978;1506292,94187687;5035345,21328876;5035897,75540444;0;0;0;0,666666666666667;0
"267";267;"Tile row 13, col 6";1506292,94187687;1506911,20730886;5035345,21328876;5035897,75540444;0,666666666666667;0;0,0952380952380952;1;0
"268";268;"Tile row 13, col 7";1506911,20730886;1507529,4727594;5035345,21328876;5035897,75540444;0;0,411764705882353;0,0952380952380952;1;0,0334928229665072
"269";269;"Tile row 13, col 8";1507529,4727594;1508147,73819139;5035345,21328876;5035897,75540444;0;0;0,0952380952380952;0,666666666666667;0
"270";270;"Tile row 13, col 9";1508147,73819139;1508766,00364193;5035345,21328876;5035897,75540444;0,333333333333333;0,411764705882353;0,523809523809524;1;0,100478468899522
"271";271;"Tile row 13, col 10";1508766,00364193;1509384,26907392;5035345,21328876;5035897,75540444;1;0;0,428571428571429;1;0,215311004784689
"272";272;"Tile row 13, col 11";1509384,26907392;1510002,53450591;5035345,21328876;5035897,75540444;0,666666666666667;0,411764705882353;0,380952380952381;1;0,354066985645933
"273";273;"Tile row 13, col 12";1510002,53450591;1510620,79995645;5035345,21328876;5035897,75540444;1;0,411764705882353;0,428571428571429;1;0,200956937799043
"274";274;"Tile row 13, col 13";1510620,79995645;1511239,06538844;5035345,21328876;5035897,75540444;1;0,411764705882353;0,571428571428571;1;0,440191387559809
"275";275;"Tile row 13, col 14";1511239,06538844;1511857,33082043;5035345,21328876;5035897,75540444;0;0,411764705882353;0,380952380952381;1;0,248803827751196
"276";276;"Tile row 13, col 15";1511857,33082043;1512475,59625243;5035345,21328876;5035897,75540444;0,666666666666667;0,411764705882353;0,142857142857143;1;0,133971291866029
"277";277;"Tile row 13, col 16";1512475,59625243;1513093,86168442;5035345,21328876;5035897,75540444;0,333333333333333;0;0,428571428571429;1;0,258373205741627
"278";278;"Tile row 13, col 17";1513093,86168442;1513712,12711641;5035345,21328876;5035897,75540444;0;0,588235294117647;0,19047619047619;0,833333333333333;0,148325358851675
"279";279;"Tile row 13, col 18";1513712,12711641;1514330,3925484;5035345,21328876;5035897,75540444;0,666666666666667;0;0,476190476190476;1;0,133971291866029
"280";280;"Tile row 13, col 19";1514330,3925484;1514948,65799894;5035345,21328876;5035897,75540444;1;0,705882352941177;0,0952380952380952;0,666666666666667;0,717703349282297
"281";281;"Tile row 13, col 20";1514948,65799894;1515566,92343093;5035345,21328876;5035897,75540444;0,333333333333333;0,705882352941177;0,333333333333333;1;0,22488038277512
"282";282;"Tile row 13, col 21";1515566,92343093;1516185,18886292;5035345,21328876;5035897,75540444;0,666666666666667;0,705882352941177;0,142857142857143;1;0,488038277511962
"283";283;"Tile row 13, col 22";1516185,18886292;1516803,45431346;5035345,21328876;5035897,75540444;1;0,705882352941177;0,40952380952381;0,666666666666667;0,861244019138756
"284";284;"Tile row 13, col 23";1516803,45431346;1517421,71974545;5035345,21328876;5035897,75540444;0;1;0,619047619047619;1;0,377990430622009
"285";285;"Tile row 13, col 24";1517421,71974545;1518039,98519599;5035345,21328876;5035897,75540444;0,666666666666667;1;0,428571428571429;1;0,406698564593301
"286";286;"Tile row 13, col 25";1518039,98519599;1518658,25062798;5035345,21328876;5035897,75540444;0,666666666666667;1;0,0476190476190476;0,666666666666667;0,272727272727273
"287";287;"Tile row 13, col 26";1518658,25062798;1519276,51605997;5035345,21328876;5035897,75540444;0;0;0,0952380952380952;0,666666666666667;0,0334928229665072
"288";288;"Tile row 13, col 27";1519276,51605997;1519894,78151051;5035345,21328876;5035897,75540444;1;0,294117647058824;0,380952380952381;0,333333333333333;0,124401913875598
"289";289;"Tile row 13, col 28";1519894,78151051;1520513,0469425;5035345,21328876;5035897,75540444;0;0;0;1;0
"290";290;"Tile row 13, col 29";1520513,0469425;1521131,31237449;5035345,21328876;5035513,76643855;0;0;0;1;0
"291";291;"Tile row 13, col 30";1521131,31237449;1521336,26397297;5035345,21328876;5035500,36644403;0;0;0;1;0
"292";292;"Tile row 14, col 5";1505731,54943364;1506292,94187687;5034792,67117307;5035345,21328876;0;0;0;1;0
"293";293;"Tile row 14, col 6";1506292,94187687;1506911,20730886;5034792,67117307;5035345,21328876;0;0,705882352941177;0;1;0,0287081339712919
"294";294;"Tile row 14, col 7";1506911,20730886;1507529,4727594;5034792,67117307;5035345,21328876;0;0;0;0,666666666666667;0,0669856459330143
"295";295;"Tile row 14, col 8";1507529,4727594;1508147,73819139;5034792,67117307;5035345,21328876;0;0;0;1;0
"296";296;"Tile row 14, col 9";1508147,73819139;1508766,00364193;5034792,67117307;5035345,21328876;0;0;0,19047619047619;1;0,0287081339712919
"297";297;"Tile row 14, col 10";1508766,00364193;1509384,26907392;5034792,67117307;5035345,21328876;0,666666666666667;0;0,285714285714286;1;0,0334928229665072
"298";298;"Tile row 14, col 11";1509384,26907392;1510002,53450591;5034792,67117307;5035345,21328876;0,666666666666667;0,294117647058824;0,0952380952380952;1;0,0909090909090909
"299";299;"Tile row 14, col 12";1510002,53450591;1510620,79995645;5034792,67117307;5035345,21328876;0,666666666666667;0,411764705882353;0,523809523809524;1;0,545454545454545
"300";300;"Tile row 14, col 13";1510620,79995645;1511239,06538844;5034792,67117307;5035345,21328876;0;0,411764705882353;0,238095238095238;0,833333333333333;0,483253588516746
"301";301;"Tile row 14, col 14";1511239,06538844;1511857,33082043;5034792,67117307;5035345,21328876;0,333333333333333;0,705882352941177;0,666666666666667;0,666666666666667;0,62200956937799
"302";302;"Tile row 14, col 15";1511857,33082043;1512475,59625243;5034792,67117307;5035345,21328876;0,666666666666667;0,411764705882353;0,380952380952381;1;0,626794258373206
"303";303;"Tile row 14, col 16";1512475,59625243;1513093,86168442;5034792,67117307;5035345,21328876;1;0,705882352941177;0,857142857142857;1;0,30622009569378
"304";304;"Tile row 14, col 17";1513093,86168442;1513712,12711641;5034792,67117307;5035345,21328876;1;1;0,285714285714286;1;0,181818181818182
"305";305;"Tile row 14, col 18";1513712,12711641;1514330,3925484;5034792,67117307;5035345,21328876;0;1;0,885714285714286;1;0,320574162679426
"306";306;"Tile row 14, col 19";1514330,3925484;1514948,65799894;5034792,67117307;5035345,21328876;0;1;0,333333333333333;0,333333333333333;0,708133971291866
"307";307;"Tile row 14, col 20";1514948,65799894;1515566,92343093;5034792,67117307;5035345,21328876;0,666666666666667;0,411764705882353;0,238095238095238;0,666666666666667;0,483253588516746
"308";308;"Tile row 14, col 21";1515566,92343093;1516185,18886292;5034792,67117307;5035345,21328876;0;0,411764705882353;0,0952380952380952;1;0,444976076555024
"309";309;"Tile row 14, col 22";1516185,18886292;1516803,45431346;5034792,67117307;5035345,21328876;1;0,705882352941177;0,19047619047619;0,5;0,488038277511962
"310";310;"Tile row 14, col 23";1516803,45431346;1517421,71974545;5034792,67117307;5035345,21328876;1;1;0,552380952380952;1;0,45933014354067
"311";311;"Tile row 14, col 24";1517421,71974545;1518039,98519599;5034792,67117307;5035345,21328876;1;1;0,714285714285714;1;0,559808612440191
"312";312;"Tile row 14, col 25";1518039,98519599;1518658,25062798;5034792,67117307;5035345,21328876;1;0,705882352941177;0,571428571428571;1;0,531100478468899
"313";313;"Tile row 14, col 26";1518658,25062798;1519276,51605997;5034792,67117307;5035345,21328876;0;0;0,19047619047619;1;0,15311004784689
"314";314;"Tile row 14, col 27";1519276,51605997;1519894,78151051;5034792,67117307;5035345,21328876;0;0;0;0,666666666666667;0
"315";315;"Tile row 14, col 28";1519894,78151051;1520513,0469425;5034792,67117307;5035345,21328876;0;0;0,0952380952380952;1;0,0287081339712919
"316";316;"Tile row 14, col 29";1520513,0469425;1521131,31237449;5034792,67117307;5035345,21328876;0;0;0,0476190476190476;1;0,0287081339712919
"317";317;"Tile row 14, col 30";1521131,31237449;1521345,95786188;5034792,67117307;5035345,21328876;0;0;0;1;0
"318";318;"Tile row 15, col 1";1503380,79466252;1503819,88013036;5034240,12907594;5034752,37151275;0;0;0;1;0
"319";319;"Tile row 15, col 2";1503819,88013036;1504438,14556235;5034240,12907594;5034531,59154623;0;0;0;1;0
"320";320;"Tile row 15, col 3";1504438,14556235;1505056,41099434;5034240,12907594;5034446,01549176;0;0;0;1;0
"321";321;"Tile row 15, col 4";1505056,41099434;1505674,67644488;5034240,12907594;5034618,88152523;0;0;0;0,666666666666667;0
"322";322;"Tile row 15, col 5";1505674,67644488;1506292,94187687;5034240,12907594;5034792,67117307;0;0;0;0,666666666666667;0
"323";323;"Tile row 15, col 6";1506292,94187687;1506911,20730886;5034240,12907594;5034792,67117307;1;0,705882352941177;0,0952380952380952;1;0,133971291866029
"324";324;"Tile row 15, col 7";1506911,20730886;1507529,4727594;5034240,12907594;5034792,67117307;0,666666666666667;0;0,0952380952380952;1;0,215311004784689
"325";325;"Tile row 15, col 8";1507529,4727594;1508147,73819139;5034240,12907594;5034792,67117307;0;0;0;1;0,0143540669856459
"326";326;"Tile row 15, col 9";1508147,73819139;1508766,00364193;5034240,12907594;5034792,67117307;0,333333333333333;0;0;1;0,162679425837321
"327";327;"Tile row 15, col 10";1508766,00364193;1509384,26907392;5034240,12907594;5034792,67117307;0,333333333333333;0;0,19047619047619;1;0,0574162679425837
"328";328;"Tile row 15, col 11";1509384,26907392;1510002,53450591;5034240,12907594;5034792,67117307;0;0;0,0476190476190476;1;0
"329";329;"Tile row 15, col 12";1510002,53450591;1510620,79995645;5034240,12907594;5034792,67117307;1;0,705882352941177;0,142857142857143;0,333333333333333;0,258373205741627
"330";330;"Tile row 15, col 13";1510620,79995645;1511239,06538844;5034240,12907594;5034792,67117307;0,333333333333333;0,705882352941177;0,333333333333333;0,666666666666667;0,593301435406699
"331";331;"Tile row 15, col 14";1511239,06538844;1511857,33082043;5034240,12907594;5034792,67117307;0;0,411764705882353;0,333333333333333;0,666666666666667;0,200956937799043
"332";332;"Tile row 15, col 15";1511857,33082043;1512475,59625243;5034240,12907594;5034792,67117307;1;0,411764705882353;0;1;0,5311004784689
"333";333;"Tile row 15, col 16";1512475,59625243;1513093,86168442;5034240,12907594;5034792,67117307;0,333333333333333;0,705882352941177;0,619047619047619;1;0,377990430622009
"334";334;"Tile row 15, col 17";1513093,86168442;1513712,12711641;5034240,12907594;5034792,67117307;0,666666666666667;0,705882352941177;0,142857142857143;1;0,425837320574163
"335";335;"Tile row 15, col 18";1513712,12711641;1514330,3925484;5034240,12907594;5034792,67117307;1;0,705882352941177;0,285714285714286;1;0,502392344497608
"336";336;"Tile row 15, col 19";1514330,3925484;1514948,65799894;5034240,12907594;5034792,67117307;0;0,705882352941177;0,904761904761905;1;0,85645933014354
"337";337;"Tile row 15, col 20";1514948,65799894;1515566,92343093;5034240,12907594;5034792,67117307;0;0,705882352941177;0,380952380952381;0,666666666666667;0,588516746411483
"338";338;"Tile row 15, col 21";1515566,92343093;1516185,18886292;5034240,12907594;5034792,67117307;0,666666666666667;0,705882352941177;0,285714285714286;1;0,492822966507177
"339";339;"Tile row 15, col 22";1516185,18886292;1516803,45431346;5034240,12907594;5034792,67117307;0,666666666666667;1;0,476190476190476;0,666666666666667;0,698564593301435
"340";340;"Tile row 15, col 23";1516803,45431346;1517421,71974545;5034240,12907594;5034792,67117307;0,333333333333333;0,705882352941177;0,619047619047619;0,666666666666667;0,330143540669856
"341";341;"Tile row 15, col 24";1517421,71974545;1518039,98519599;5034240,12907594;5034792,67117307;0,666666666666667;1;0,619047619047619;1;0,564593301435407
"342";342;"Tile row 15, col 25";1518039,98519599;1518658,25062798;5034240,12907594;5034792,67117307;1;0;0,285714285714286;1;0,258373205741627
"343";343;"Tile row 15, col 26";1518658,25062798;1519276,51605997;5034240,12907594;5034792,67117307;0;0;0;0,666666666666667;0,0669856459330143
"344";344;"Tile row 15, col 27";1519276,51605997;1519894,78151051;5034240,12907594;5034792,67117307;0;0;0;1;0
"345";345;"Tile row 15, col 28";1519894,78151051;1520513,0469425;5034240,12907594;5034792,67117307;0;0,411764705882353;0;1;0,0382775119617225
"346";346;"Tile row 15, col 29";1520513,0469425;1521131,31237449;5034240,12907594;5034792,67117307;0;0,294117647058824;0;1;0
"347";347;"Tile row 15, col 30";1521131,31237449;1521345,99304736;5034240,12907594;5034792,67117307;0;0;0;1;0
"348";348;"Tile row 16, col 1";1503470,18454918;1503819,88013036;5033687,5869788;5034240,12907594;0;0;0;1;0
"349";349;"Tile row 16, col 2";1503819,88013036;1504438,14556235;5033687,5869788;5034240,12907594;0;0;0;1;0
"350";350;"Tile row 16, col 3";1504438,14556235;1505056,41099434;5033687,5869788;5034240,12907594;0;0;0;1;0
"351";351;"Tile row 16, col 4";1505056,41099434;1505674,67644488;5033687,5869788;5034240,12907594;0;0;0;0,666666666666667;0
"352";352;"Tile row 16, col 5";1505674,67644488;1506292,94187687;5033687,5869788;5034240,12907594;0;0;0;1;0
"353";353;"Tile row 16, col 6";1506292,94187687;1506911,20730886;5033687,5869788;5034240,12907594;0,666666666666667;0;0,142857142857143;1;0,0287081339712919
"354";354;"Tile row 16, col 7";1506911,20730886;1507529,4727594;5033687,5869788;5034240,12907594;0,666666666666667;0,411764705882353;0,428571428571429;0,833333333333333;0,363636363636364
"355";355;"Tile row 16, col 8";1507529,4727594;1508147,73819139;5033687,5869788;5034240,12907594;1;0,411764705882353;0,380952380952381;0,666666666666667;0,373205741626794
"356";356;"Tile row 16, col 9";1508147,73819139;1508766,00364193;5033687,5869788;5034240,12907594;0;0,705882352941177;0,19047619047619;1;0,22488038277512
"357";357;"Tile row 16, col 10";1508766,00364193;1509384,26907392;5033687,5869788;5034240,12907594;1;0,411764705882353;0,380952380952381;1;0,220095693779904
"358";358;"Tile row 16, col 11";1509384,26907392;1510002,53450591;5033687,5869788;5034240,12907594;0,666666666666667;0,705882352941177;0,428571428571429;1;0,0287081339712919
"359";359;"Tile row 16, col 12";1510002,53450591;1510620,79995645;5033687,5869788;5034240,12907594;0;0;0,238095238095238;1;0,15311004784689
"360";360;"Tile row 16, col 13";1510620,79995645;1511239,06538844;5033687,5869788;5034240,12907594;0;0,705882352941177;0,0952380952380952;0,666666666666667;0,0956937799043062
"361";361;"Tile row 16, col 14";1511239,06538844;1511857,33082043;5033687,5869788;5034240,12907594;1;0,705882352941177;0,285714285714286;1;0,124401913875598
"362";362;"Tile row 16, col 15";1511857,33082043;1512475,59625243;5033687,5869788;5034240,12907594;0,333333333333333;0,411764705882353;0,19047619047619;0,666666666666667;0,373205741626794
"363";363;"Tile row 16, col 16";1512475,59625243;1513093,86168442;5033687,5869788;5034240,12907594;0,666666666666667;0,705882352941177;0,380952380952381;1;0,430622009569378
"364";364;"Tile row 16, col 17";1513093,86168442;1513712,12711641;5033687,5869788;5034240,12907594;1;1;0,238095238095238;0,666666666666667;0,526315789473684
"365";365;"Tile row 16, col 18";1513712,12711641;1514330,3925484;5033687,5869788;5034240,12907594;0,333333333333333;1;0,428571428571429;0,666666666666667;0,875598086124402
"366";366;"Tile row 16, col 19";1514330,3925484;1514948,65799894;5033687,5869788;5034240,12907594;1;1;0,380952380952381;1;0,655502392344497
"367";367;"Tile row 16, col 20";1514948,65799894;1515566,92343093;5033687,5869788;5034240,12907594;0,333333333333333;0,411764705882353;0,142857142857143;0,666666666666667;0,425837320574163
"368";368;"Tile row 16, col 21";1515566,92343093;1516185,18886292;5033687,5869788;5034240,12907594;0,666666666666667;0,411764705882353;0,333333333333333;0,666666666666667;0,521531100478469
"369";369;"Tile row 16, col 22";1516185,18886292;1516803,45431346;5033687,5869788;5034240,12907594;0,666666666666667;0,705882352941177;0,333333333333333;1;0,665071770334928
"370";370;"Tile row 16, col 23";1516803,45431346;1517421,71974545;5033687,5869788;5034240,12907594;0,333333333333333;1;0,504761904761905;0,333333333333333;0,244019138755981
"371";371;"Tile row 16, col 24";1517421,71974545;1518039,98519599;5033687,5869788;5034240,12907594;0,666666666666667;0;0,238095238095238;1;0,100478468899522
"372";372;"Tile row 16, col 25";1518039,98519599;1518658,25062798;5033687,5869788;5034240,12907594;0;0;0;1;0,0191387559808612
"373";373;"Tile row 16, col 26";1518658,25062798;1519276,51605997;5033687,5869788;5034240,12907594;1;1;0,380952380952381;1;0,0909090909090909
"374";374;"Tile row 16, col 27";1519276,51605997;1519894,78151051;5033687,5869788;5034240,12907594;1;0;0;1;0,0669856459330143
"375";375;"Tile row 16, col 28";1519894,78151051;1520513,0469425;5033687,5869788;5034240,12907594;0;0;0,0476190476190476;1;0
"376";376;"Tile row 16, col 29";1520513,0469425;1521131,31237449;5033687,5869788;5034240,12907594;0;0;0;1;0
"377";377;"Tile row 16, col 30";1521131,31237449;1521364,19284669;5033977,01471899;5034240,12907594;0;0;0;1;0
"378";378;"Tile row 17, col 1";1503792,6905599;1503819,88013036;5033468,9167318;5033687,5869788;0;0;0;1;0
"379";379;"Tile row 17, col 2";1503819,88013036;1504438,14556235;5033135,04486312;5033687,5869788;0;0;0;1;0
"380";380;"Tile row 17, col 3";1504438,14556235;1505056,41099434;5033135,04486312;5033687,5869788;0;0;0;1;0
"381";381;"Tile row 17, col 4";1505056,41099434;1505674,67644488;5033135,04486312;5033687,5869788;0;0;0,0952380952380952;1;0
"382";382;"Tile row 17, col 5";1505674,67644488;1506292,94187687;5033135,04486312;5033687,5869788;0;0,705882352941177;0,333333333333333;1;0,0287081339712919
"383";383;"Tile row 17, col 6";1506292,94187687;1506911,20730886;5033135,04486312;5033687,5869788;1;0,411764705882353;0,238095238095238;1;0,15311004784689
"384";384;"Tile row 17, col 7";1506911,20730886;1507529,4727594;5033135,04486312;5033687,5869788;0,666666666666667;0,411764705882353;0,19047619047619;1;0,100478468899522
"385";385;"Tile row 17, col 8";1507529,4727594;1508147,73819139;5033135,04486312;5033687,5869788;0,333333333333333;0;0,0952380952380952;1;0,0287081339712919
"386";386;"Tile row 17, col 9";1508147,73819139;1508766,00364193;5033135,04486312;5033687,5869788;1;0;0,142857142857143;1;0,0861244019138756
"387";387;"Tile row 17, col 10";1508766,00364193;1509384,26907392;5033135,04486312;5033687,5869788;0,333333333333333;0;0,666666666666667;1;0,0334928229665072
"388";388;"Tile row 17, col 11";1509384,26907392;1510002,53450591;5033135,04486312;5033687,5869788;1;0,411764705882353;0,285714285714286;1;0,196172248803828
"389";389;"Tile row 17, col 12";1510002,53450591;1510620,79995645;5033135,04486312;5033687,5869788;1;0,411764705882353;0,0952380952380952;0,333333333333333;0,239234449760766
"390";390;"Tile row 17, col 13";1510620,79995645;1511239,06538844;5033135,04486312;5033687,5869788;1;0,705882352941177;0,142857142857143;0,666666666666667;0,258373205741627
"391";391;"Tile row 17, col 14";1511239,06538844;1511857,33082043;5033135,04486312;5033687,5869788;1;0,411764705882353;0,0476190476190476;1;0,401913875598086
"392";392;"Tile row 17, col 15";1511857,33082043;1512475,59625243;5033135,04486312;5033687,5869788;0;0,705882352941177;0,380952380952381;1;0,722488038277512
"393";393;"Tile row 17, col 16";1512475,59625243;1513093,86168442;5033135,04486312;5033687,5869788;0,666666666666667;0,411764705882353;0,333333333333333;0,333333333333333;0,38755980861244
"394";394;"Tile row 17, col 17";1513093,86168442;1513712,12711641;5033135,04486312;5033687,5869788;1;0,705882352941177;0,647619047619048;0,666666666666667;0,617224880382775
"395";395;"Tile row 17, col 18";1513712,12711641;1514330,3925484;5033135,04486312;5033687,5869788;1;1;0,333333333333333;1;0,607655502392344
"396";396;"Tile row 17, col 19";1514330,3925484;1514948,65799894;5033135,04486312;5033687,5869788;0,666666666666667;1;0,0952380952380952;1;0,492822966507177
"397";397;"Tile row 17, col 20";1514948,65799894;1515566,92343093;5033135,04486312;5033687,5869788;1;0,294117647058824;0,285714285714286;1;0,473684210526316
"398";398;"Tile row 17, col 21";1515566,92343093;1516185,18886292;5033135,04486312;5033687,5869788;0,666666666666667;0,705882352941177;0,19047619047619;0,666666666666667;0,62200956937799
"399";399;"Tile row 17, col 22";1516185,18886292;1516803,45431346;5033135,04486312;5033687,5869788;1;1;0,523809523809524;0,666666666666667;0,267942583732057
"400";400;"Tile row 17, col 23";1516803,45431346;1517421,71974545;5033135,04486312;5033687,5869788;0,666666666666667;1;0,285714285714286;1;0,550239234449761
"401";401;"Tile row 17, col 24";1517421,71974545;1518039,98519599;5033135,04486312;5033687,5869788;1;0,411764705882353;0,571428571428571;0,666666666666667;0,397129186602871
"402";402;"Tile row 17, col 25";1518039,98519599;1518658,25062798;5033135,04486312;5033687,5869788;0;0;0,0952380952380952;0,666666666666667;0,110047846889952
"403";403;"Tile row 17, col 26";1518658,25062798;1519276,51605997;5033135,04486312;5033687,5869788;0;0;0,285714285714286;0,333333333333333;0,191387559808612
"404";404;"Tile row 17, col 27";1519276,51605997;1519894,78151051;5033135,04486312;5033687,5869788;0;0;0,285714285714286;0,666666666666667;0,114832535885167
"405";405;"Tile row 17, col 28";1519894,78151051;1520513,0469425;5033135,04486312;5033687,5869788;0;0;0,19047619047619;1;0
"406";406;"Tile row 17, col 29";1520513,0469425;1520833,72842718;5033135,04486312;5033687,5869788;0;0;0;1;0
"407";407;"Tile row 18, col 1";1503201,61469837;1503819,88013036;5032582,50274744;5033045,40443058;0;0;0;0,666666666666667;0
"408";408;"Tile row 18, col 2";1503819,88013036;1504438,14556235;5032582,50274744;5033135,04486312;0;0;0;1;0
"409";409;"Tile row 18, col 3";1504438,14556235;1505056,41099434;5032582,50274744;5033135,04486312;0;0;0;1;0
"410";410;"Tile row 18, col 4";1505056,41099434;1505674,67644488;5032582,50274744;5033135,04486312;1;0;0,0476190476190476;1;0,0909090909090909
"411";411;"Tile row 18, col 5";1505674,67644488;1506292,94187687;5032582,50274744;5033135,04486312;0;0;0;1;0
"412";412;"Tile row 18, col 6";1506292,94187687;1506566,45952668;5033021,87671029;5033135,04486312;0;0;0,0952380952380952;1;0
"413";413;"Tile row 18, col 7";1507374,90516333;1507529,4727594;5032820,99841145;5033135,04486312;0;0;0;1;0
"414";414;"Tile row 18, col 8";1507529,4727594;1508147,73819139;5032627,63674887;5033135,04486312;0;0,411764705882353;0;1;0,110047846889952
"415";415;"Tile row 18, col 9";1508147,73819139;1508766,00364193;5032692,42522929;5033135,04486312;0;0;0;1;0
"416";416;"Tile row 18, col 10";1508766,00364193;1509384,26907392;5032582,50274744;5033135,04486312;0;0;0,19047619047619;1;0
"417";417;"Tile row 18, col 11";1509384,26907392;1510002,53450591;5032582,50274744;5033135,04486312;0,666666666666667;0,411764705882353;0,238095238095238;1;0,22488038277512
"418";418;"Tile row 18, col 12";1510002,53450591;1510620,79995645;5032582,50274744;5033135,04486312;1;0;0,0952380952380952;1;0,148325358851675
"419";419;"Tile row 18, col 13";1510620,79995645;1511239,06538844;5032582,50274744;5033135,04486312;1;0,411764705882353;0,19047619047619;1;0,688995215311005
"420";420;"Tile row 18, col 14";1511239,06538844;1511857,33082043;5032582,50274744;5033135,04486312;0,333333333333333;0,411764705882353;0,333333333333333;0,666666666666667;0,296650717703349
"421";421;"Tile row 18, col 15";1511857,33082043;1512475,59625243;5032582,50274744;5033135,04486312;0,666666666666667;0,705882352941177;0,380952380952381;0;0,167464114832536
"422";422;"Tile row 18, col 16";1512475,59625243;1513093,86168442;5032582,50274744;5033135,04486312;0;0,705882352941177;0,238095238095238;1;0,172248803827751
"423";423;"Tile row 18, col 17";1513093,86168442;1513712,12711641;5032582,50274744;5033135,04486312;0,666666666666667;0,294117647058824;0,0952380952380952;0,666666666666667;0,129186602870813
"424";424;"Tile row 18, col 18";1513712,12711641;1514330,3925484;5032582,50274744;5033135,04486312;1;0,705882352941177;0,0952380952380952;1;0,416267942583732
"425";425;"Tile row 18, col 19";1514330,3925484;1514948,65799894;5032582,50274744;5033135,04486312;0,333333333333333;0,294117647058824;0,19047619047619;1;0,200956937799043
"426";426;"Tile row 18, col 20";1514948,65799894;1515566,92343093;5032582,50274744;5033135,04486312;1;0,705882352941177;0,428571428571429;1;0,564593301435407
"427";427;"Tile row 18, col 21";1515566,92343093;1516185,18886292;5032582,50274744;5033135,04486312;0;1;0,285714285714286;0,666666666666667;0,397129186602871
"428";428;"Tile row 18, col 22";1516185,18886292;1516803,45431346;5032582,50274744;5033135,04486312;1;0,705882352941177;0,714285714285714;0,666666666666667;0,617224880382775
"429";429;"Tile row 18, col 23";1516803,45431346;1517421,71974545;5032582,50274744;5033135,04486312;0;0,705882352941177;0,333333333333333;0,333333333333333;0,114832535885167
"430";430;"Tile row 18, col 24";1517421,71974545;1518039,98519599;5032582,50274744;5033135,04486312;0,666666666666667;0,705882352941177;0,19047619047619;0,666666666666667;0,200956937799043
"431";431;"Tile row 18, col 25";1518039,98519599;1518658,25062798;5032582,50274744;5033135,04486312;0;0;0;0,666666666666667;0
"432";432;"Tile row 18, col 26";1518658,25062798;1519276,51605997;5032582,50274744;5033135,04486312;0;0;0,238095238095238;0,666666666666667;0,0334928229665072
"433";433;"Tile row 18, col 27";1519276,51605997;1519894,78151051;5032582,50274744;5033135,04486312;0;0;0,380952380952381;0,666666666666667;0
"434";434;"Tile row 18, col 28";1519894,78151051;1520513,0469425;5032582,50274744;5033135,04486312;0;0;0,238095238095238;1;0
"435";435;"Tile row 18, col 29";1520513,0469425;1520939,92289828;5032582,50274744;5033135,04486312;0;0;0;1;0
"436";436;"Tile row 19, col 1";1503250,44206297;1503819,88013036;5032467,91196584;5032582,50274744;0;0;0;1;0
"437";437;"Tile row 19, col 2";1503819,88013036;1504438,14556235;5032029,96063175;5032582,50274744;0;0;0;1;0
"438";438;"Tile row 19, col 3";1504438,14556235;1505056,41099434;5032029,96063175;5032582,50274744;0;0;0;0,666666666666667;0
"439";439;"Tile row 19, col 4";1505056,41099434;1505674,67644488;5032029,96063175;5032582,50274744;0;0;0;1;0
"440";440;"Tile row 19, col 5";1505674,67644488;1506170,34438473;5032029,96063175;5032582,50274744;0;0;0;1;0
"441";441;"Tile row 19, col 10";1508800,11238166;1509384,26907392;5032029,96063175;5032582,50274744;0,333333333333333;0;0,142857142857143;1;0,0334928229665072
"442";442;"Tile row 19, col 11";1509384,26907392;1510002,53450591;5032029,96063175;5032582,50274744;0,333333333333333;0;0,238095238095238;0,333333333333333;0,210526315789474
"443";443;"Tile row 19, col 12";1510002,53450591;1510620,79995645;5032029,96063175;5032582,50274744;0,333333333333333;0,411764705882353;0,552380952380952;0,666666666666667;0,301435406698565
"444";444;"Tile row 19, col 13";1510620,79995645;1511239,06538844;5032029,96063175;5032582,50274744;0;0;0,19047619047619;0,666666666666667;0,0909090909090909
"445";445;"Tile row 19, col 14";1511239,06538844;1511857,33082043;5032029,96063175;5032582,50274744;1;0,294117647058824;0,19047619047619;0,666666666666667;0,0909090909090909
"446";446;"Tile row 19, col 15";1511857,33082043;1512475,59625243;5032029,96063175;5032582,50274744;1;1;0,142857142857143;0,333333333333333;0,320574162679426
"447";447;"Tile row 19, col 16";1512475,59625243;1513093,86168442;5032029,96063175;5032582,50274744;0,666666666666667;0,411764705882353;0,285714285714286;0,666666666666667;0,258373205741627
"448";448;"Tile row 19, col 17";1513093,86168442;1513712,12711641;5032029,96063175;5032582,50274744;0;0,588235294117647;0,333333333333333;1;0,0909090909090909
"449";449;"Tile row 19, col 18";1513712,12711641;1514330,3925484;5032029,96063175;5032582,50274744;1;0,705882352941177;0,380952380952381;0,333333333333333;0,717703349282297
"450";450;"Tile row 19, col 19";1514330,3925484;1514948,65799894;5032029,96063175;5032582,50274744;0,333333333333333;0,411764705882353;0,333333333333333;0,5;0,157894736842105
"451";451;"Tile row 19, col 20";1514948,65799894;1515566,92343093;5032029,96063175;5032582,50274744;0,333333333333333;0,411764705882353;0,238095238095238;0,666666666666667;0,129186602870813
"452";452;"Tile row 19, col 21";1515566,92343093;1516185,18886292;5032029,96063175;5032582,50274744;0,333333333333333;0;0,314285714285714;0,666666666666667;0,110047846889952
"453";453;"Tile row 19, col 22";1516185,18886292;1516803,45431346;5032029,96063175;5032582,50274744;0,666666666666667;0,294117647058824;0,142857142857143;1;0,258373205741627
"454";454;"Tile row 19, col 23";1516803,45431346;1517421,71974545;5032029,96063175;5032582,50274744;0,333333333333333;1;0,476190476190476;1;0,363636363636364
"455";455;"Tile row 19, col 24";1517421,71974545;1518039,98519599;5032029,96063175;5032582,50274744;0,666666666666667;0;0,285714285714286;0,666666666666667;0,277511961722488
"456";456;"Tile row 19, col 25";1518039,98519599;1518658,25062798;5032029,96063175;5032582,50274744;0;0;0,0476190476190476;0,666666666666667;0
"457";457;"Tile row 19, col 26";1518658,25062798;1519276,51605997;5032029,96063175;5032582,50274744;1;1;0,428571428571429;1;0,177033492822966
"458";458;"Tile row 19, col 27";1519276,51605997;1519894,78151051;5032029,96063175;5032582,50274744;0,666666666666667;0,705882352941177;0,523809523809524;0,333333333333333;0,129186602870813
"459";459;"Tile row 19, col 28";1519894,78151051;1520513,0469425;5032029,96063175;5032582,50274744;0;0;0;0,666666666666667;0
"460";460;"Tile row 19, col 29";1520513,0469425;1520890,79789452;5032029,96063175;5032582,50274744;0;0,705882352941177;0,285714285714286;1;0,0813397129186603
"461";461;"Tile row 20, col 2";1504266,02958996;1504438,14556235;5031636,7968417;5032029,96063175;0;0;0;1;0
"462";462;"Tile row 20, col 3";1504438,14556235;1505056,41099434;5031477,41853462;5032029,96063175;0;0;0;1;0
"463";463;"Tile row 20, col 4";1505056,41099434;1505674,67644488;5031477,41853462;5032029,96063175;0;0;0;1;0,0382775119617225
"464";464;"Tile row 20, col 5";1505674,67644488;1506239,88438961;5031477,41853462;5032029,96063175;0;0;0;1;0
"465";465;"Tile row 20, col 10";1509143,01211899;1509384,26907392;5031665,41391905;5032029,96063175;0;0;0,0952380952380952;1;0,0717703349282297
"466";466;"Tile row 20, col 11";1509384,26907392;1510002,53450591;5031477,41853462;5032029,96063175;0,333333333333333;0;0,238095238095238;1;0
"467";467;"Tile row 20, col 12";1510002,53450591;1510620,79995645;5031477,41853462;5032029,96063175;0,333333333333333;1;0,0952380952380952;0,666666666666667;0,0382775119617225
"468";468;"Tile row 20, col 13";1510620,79995645;1511239,06538844;5031477,41853462;5032029,96063175;1;0,411764705882353;0;1;0,105263157894737
"469";469;"Tile row 20, col 14";1511239,06538844;1511857,33082043;5031477,41853462;5032029,96063175;0,666666666666667;1;0,19047619047619;1;0,0909090909090909
"470";470;"Tile row 20, col 15";1511857,33082043;1512475,59625243;5031477,41853462;5032029,96063175;0,666666666666667;0,705882352941177;0,476190476190476;0,666666666666667;0,435406698564593
"471";471;"Tile row 20, col 16";1512475,59625243;1513093,86168442;5031477,41853462;5032029,96063175;0,666666666666667;0,705882352941177;0;1;0,0526315789473684
"472";472;"Tile row 20, col 17";1513093,86168442;1513712,12711641;5031477,41853462;5032029,96063175;0,333333333333333;0,705882352941177;0,19047619047619;1;0,253588516746411
"473";473;"Tile row 20, col 18";1513712,12711641;1514330,3925484;5031477,41853462;5032029,96063175;0,666666666666667;1;0,19047619047619;0,666666666666667;0,478468899521531
"474";474;"Tile row 20, col 19";1514330,3925484;1514948,65799894;5031477,41853462;5032029,96063175;1;1;0,0952380952380952;0,666666666666667;0,22488038277512
"475";475;"Tile row 20, col 20";1514948,65799894;1515566,92343093;5031477,41853462;5032029,96063175;1;0,705882352941177;0;0,333333333333333;0,267942583732057
"476";476;"Tile row 20, col 21";1515566,92343093;1516185,18886292;5031477,41853462;5032029,96063175;0;1;0,333333333333333;0,333333333333333;0,320574162679426
"477";477;"Tile row 20, col 22";1516185,18886292;1516803,45431346;5031477,41853462;5032029,96063175;0,333333333333333;0,705882352941177;0,142857142857143;0,333333333333333;0,0334928229665072
"478";478;"Tile row 20, col 23";1516803,45431346;1517421,71974545;5031477,41853462;5032029,96063175;0,666666666666667;1;0,0952380952380952;0,666666666666667;0,69377990430622
"479";479;"Tile row 20, col 24";1517421,71974545;1518039,98519599;5031477,41853462;5032029,96063175;1;0,705882352941177;0,476190476190476;0,666666666666667;0,4688995215311
"480";480;"Tile row 20, col 25";1518039,98519599;1518658,25062798;5031477,41853462;5032029,96063175;0;0;0,0476190476190476;0,666666666666667;0
"481";481;"Tile row 20, col 26";1518658,25062798;1519276,51605997;5031477,41853462;5032029,96063175;0,666666666666667;0,294117647058824;0,19047619047619;0,333333333333333;0
"482";482;"Tile row 20, col 27";1519276,51605997;1519894,78151051;5031477,41853462;5032029,96063175;0;0;0;1;0
"483";483;"Tile row 20, col 28";1519894,78151051;1520513,0469425;5031477,41853462;5032029,96063175;0;0;0;1;0
"484";484;"Tile row 20, col 29";1520513,0469425;1520922,05788968;5031477,41853462;5032029,96063175;1;0;0,0952380952380952;1;0,0334928229665072
"485";485;"Tile row 21, col 3";1504682,04936727;1505056,41099434;5031104,84311349;5031477,41853462;0;0;0;1;0
"486";486;"Tile row 21, col 4";1505056,41099434;1505674,67644488;5031096,20690363;5031477,41853462;0;0;0;1;0
"487";487;"Tile row 21, col 5";1505674,67644488;1506019,38139982;5031187,6618834;5031477,41853462;0;0;0;1;0
"488";488;"Tile row 21, col 11";1509509,99905737;1510002,53450591;5030924,87641894;5031477,41853462;0;0;0,0952380952380952;1;0
"489";489;"Tile row 21, col 12";1510002,53450591;1510620,79995645;5030924,87641894;5031477,41853462;0;0;0;1;0,0191387559808612
"490";490;"Tile row 21, col 13";1510620,79995645;1511239,06538844;5030924,87641894;5031477,41853462;0;0;0;0,666666666666667;0,0382775119617225
"491";491;"Tile row 21, col 14";1511239,06538844;1511857,33082043;5030924,87641894;5031477,41853462;0,666666666666667;0,294117647058824;0,238095238095238;0,333333333333333;0,076555023923445
"492";492;"Tile row 21, col 15";1511857,33082043;1512475,59625243;5030924,87641894;5031477,41853462;0,333333333333333;0;0,142857142857143;0,666666666666667;0,138755980861244
"493";493;"Tile row 21, col 16";1512475,59625243;1513093,86168442;5030924,87641894;5031477,41853462;1;0,294117647058824;0,285714285714286;1;0,0909090909090909
"494";494;"Tile row 21, col 17";1513093,86168442;1513712,12711641;5030924,87641894;5031477,41853462;0,666666666666667;0,705882352941177;0,0952380952380952;1;0,191387559808612
"495";495;"Tile row 21, col 18";1513712,12711641;1514330,3925484;5030924,87641894;5031477,41853462;1;1;0,238095238095238;0,333333333333333;0,363636363636364
"496";496;"Tile row 21, col 19";1514330,3925484;1514948,65799894;5030924,87641894;5031477,41853462;1;0,705882352941177;0,0476190476190476;1;0,186602870813397
"497";497;"Tile row 21, col 20";1514948,65799894;1515566,92343093;5030924,87641894;5031477,41853462;0,666666666666667;0;0;0,666666666666667;0
"498";498;"Tile row 21, col 21";1515566,92343093;1516185,18886292;5030924,87641894;5031477,41853462;0,333333333333333;1;0,333333333333333;0,666666666666667;0,181818181818182
"499";499;"Tile row 21, col 22";1516185,18886292;1516803,45431346;5030924,87641894;5031477,41853462;0;0;0;0,666666666666667;0
"500";500;"Tile row 21, col 23";1516803,45431346;1517421,71974545;5030924,87641894;5031477,41853462;0,333333333333333;0;0,142857142857143;0,666666666666667;0,133971291866029
"501";501;"Tile row 21, col 24";1517421,71974545;1518039,98519599;5030924,87641894;5031477,41853462;0,666666666666667;0;0,285714285714286;0,666666666666667;0,110047846889952
"502";502;"Tile row 21, col 25";1518039,98519599;1518658,25062798;5030924,87641894;5031477,41853462;0,333333333333333;0;0,0476190476190476;0,333333333333333;0,0382775119617225
"503";503;"Tile row 21, col 26";1518658,25062798;1519276,51605997;5030924,87641894;5031477,41853462;0,333333333333333;0,411764705882353;0,219047619047619;0,333333333333333;0,138755980861244
"504";504;"Tile row 21, col 27";1519276,51605997;1519894,78151051;5030924,87641894;5031477,41853462;0,333333333333333;0;0;1;0,0287081339712919
"505";505;"Tile row 21, col 28";1519894,78151051;1520513,0469425;5030924,87641894;5031477,41853462;0;0;0;1;0
"506";506;"Tile row 21, col 29";1520513,0469425;1520874,04789673;5030924,87641894;5031477,41853462;0;0;0,0476190476190476;1;0
"507";507;"Tile row 22, col 11";1509799,51172867;1510002,53450591;5030386,09757818;5030924,87641894;0;0;0;1;0
"508";508;"Tile row 22, col 12";1510002,53450591;1510620,79995645;5030372,33430325;5030924,87641894;0;0;0;1;0
"509";509;"Tile row 22, col 13";1510620,79995645;1511239,06538844;5030372,33430325;5030924,87641894;0;0;0;1;0
"510";510;"Tile row 22, col 14";1511239,06538844;1511857,33082043;5030372,33430325;5030924,87641894;0;0;0,238095238095238;1;0
"511";511;"Tile row 22, col 15";1511857,33082043;1512475,59625243;5030372,33430325;5030924,87641894;0,666666666666667;0,588235294117647;0,19047619047619;1;0,0909090909090909
"512";512;"Tile row 22, col 16";1512475,59625243;1513093,86168442;5030372,33430325;5030924,87641894;0;0,411764705882353;0,142857142857143;1;0,119617224880383
"513";513;"Tile row 22, col 17";1513093,86168442;1513712,12711641;5030372,33430325;5030924,87641894;1;0,705882352941177;0,285714285714286;1;0,124401913875598
"514";514;"Tile row 22, col 18";1513712,12711641;1514330,3925484;5030372,33430325;5030924,87641894;0,333333333333333;1;0,428571428571429;0,333333333333333;0,114832535885167
"515";515;"Tile row 22, col 19";1514330,3925484;1514948,65799894;5030372,33430325;5030924,87641894;0;0;0;0,666666666666667;0
"516";516;"Tile row 22, col 20";1514948,65799894;1515566,92343093;5030372,33430325;5030924,87641894;0;0;0;0,666666666666667;0
"517";517;"Tile row 22, col 21";1515566,92343093;1516185,18886292;5030372,33430325;5030924,87641894;0,666666666666667;0,705882352941177;0,333333333333333;0,666666666666667;0,119617224880383
"518";518;"Tile row 22, col 22";1516185,18886292;1516803,45431346;5030372,33430325;5030924,87641894;0;0;0,142857142857143;1;0
"519";519;"Tile row 22, col 23";1516803,45431346;1517421,71974545;5030372,33430325;5030924,87641894;0;0;0;1;0
"520";520;"Tile row 22, col 24";1517421,71974545;1518039,98519599;5030372,33430325;5030924,87641894;0;0;0,0952380952380952;0,666666666666667;0
"521";521;"Tile row 22, col 25";1518039,98519599;1518658,25062798;5030372,33430325;5030924,87641894;0;0;0;0,666666666666667;0
"522";522;"Tile row 22, col 26";1518658,25062798;1519276,51605997;5030372,33430325;5030924,87641894;0;0;0;1;0,138755980861244
"523";523;"Tile row 22, col 27";1519276,51605997;1519894,78151051;5030372,33430325;5030924,87641894;0,666666666666667;0,294117647058824;0,142857142857143;1;0,0334928229665072
"524";524;"Tile row 22, col 28";1519894,78151051;1520513,0469425;5030426,78275791;5030924,87641894;0;0;0,380952380952381;1;0
"525";525;"Tile row 22, col 29";1520513,0469425;1520529,86994507;5030921,23191111;5030924,87641894;0;0;0;1;0
"526";526;"Tile row 23, col 12";1510007,63977713;1510620,79995645;5029819,79218757;5030372,33430325;0;0;0;1;0
"527";527;"Tile row 23, col 13";1510620,79995645;1511239,06538844;5029819,79218757;5030372,33430325;0;0;0;0,666666666666667;0
"528";528;"Tile row 23, col 14";1511239,06538844;1511857,33082043;5029819,79218757;5030372,33430325;0;0;0;1;0
"529";529;"Tile row 23, col 15";1511857,33082043;1512475,59625243;5029819,79218757;5030372,33430325;0;0,294117647058824;0;1;0,0334928229665072
"530";530;"Tile row 23, col 16";1512475,59625243;1513093,86168442;5029819,79218757;5030372,33430325;0;0;0;1;0
"531";531;"Tile row 23, col 17";1513093,86168442;1513712,12711641;5029819,79218757;5030372,33430325;0,666666666666667;0;0,0952380952380952;0,333333333333333;0,0574162679425837
"532";532;"Tile row 23, col 18";1513712,12711641;1514330,3925484;5029819,79218757;5030372,33430325;0,333333333333333;0,294117647058824;0,19047619047619;0,666666666666667;0,0287081339712919
"533";533;"Tile row 23, col 19";1514330,3925484;1514948,65799894;5029819,79218757;5030372,33430325;0;0;0;1;0
"534";534;"Tile row 23, col 20";1514948,65799894;1515566,92343093;5029819,79218757;5030372,33430325;0;0;0;0,666666666666667;0
"535";535;"Tile row 23, col 21";1515566,92343093;1516185,18886292;5029819,79218757;5030372,33430325;0,666666666666667;0,705882352941177;0,19047619047619;0,666666666666667;0,0334928229665072
"536";536;"Tile row 23, col 22";1516185,18886292;1516803,45431346;5029819,79218757;5030372,33430325;0;0;0,0476190476190476;1;0,0287081339712919
"537";537;"Tile row 23, col 23";1516803,45431346;1517421,71974545;5029819,79218757;5030372,33430325;0;0;0;1;0
"538";538;"Tile row 23, col 24";1517421,71974545;1518039,98519599;5029819,79218757;5030372,33430325;0;0;0;1;0
"539";539;"Tile row 23, col 25";1518039,98519599;1518658,25062798;5029819,79218757;5030372,33430325;0;0;0,0952380952380952;1;0
"540";540;"Tile row 23, col 26";1518658,25062798;1519276,51605997;5029819,79218757;5030372,33430325;0;0;0;1;0
"541";541;"Tile row 23, col 27";1519276,51605997;1519894,78151051;5029932,75701762;5030372,33430325;0;0;0,142857142857143;1;0,0334928229665072
"542";542;"Tile row 23, col 28";1519894,78151051;1519918,32800134;5030041,68289887;5030098,57271063;0;0;0;1;0
"543";543;"Tile row 24, col 12";1510220,24899493;1510620,79995645;5029267,25009043;5029819,79218757;0;0;0;0,666666666666667;0
"544";544;"Tile row 24, col 13";1510620,79995645;1511239,06538844;5029267,25009043;5029819,79218757;0;0;0;1;0
"545";545;"Tile row 24, col 14";1511239,06538844;1511857,33082043;5029267,25009043;5029819,79218757;0;0;0;1;0
"546";546;"Tile row 24, col 15";1511857,33082043;1512475,59625243;5029267,25009043;5029819,79218757;0;0;0,0476190476190476;1;0
"547";547;"Tile row 24, col 16";1512475,59625243;1513093,86168442;5029267,25009043;5029819,79218757;0;0,411764705882353;0,0952380952380952;0,666666666666667;0
"548";548;"Tile row 24, col 17";1513093,86168442;1513712,12711641;5029267,25009043;5029819,79218757;1;0;0;1;0,062200956937799
"549";549;"Tile row 24, col 18";1513712,12711641;1514330,3925484;5029267,25009043;5029819,79218757;0,333333333333333;0,705882352941177;0,0952380952380952;1;0,105263157894737
"550";550;"Tile row 24, col 19";1514330,3925484;1514948,65799894;5029267,25009043;5029819,79218757;0;0;0;1;0
"551";551;"Tile row 24, col 20";1514948,65799894;1515566,92343093;5029267,25009043;5029819,79218757;0;0;0;1;0
"552";552;"Tile row 24, col 21";1515566,92343093;1516185,18886292;5029267,25009043;5029819,79218757;0;0;0,0952380952380952;1;0
"553";553;"Tile row 24, col 22";1516185,18886292;1516803,45431346;5029267,25009043;5029819,79218757;0;0;0;1;0
"554";554;"Tile row 24, col 23";1516803,45431346;1517421,71974545;5029267,25009043;5029819,79218757;0;0;0;1;0
"555";555;"Tile row 24, col 24";1517421,71974545;1518039,98519599;5029267,25009043;5029819,79218757;0;0;0;1;0
"556";556;"Tile row 24, col 25";1518039,98519599;1518658,25062798;5029267,25009043;5029819,79218757;0;0;0,19047619047619;1;0,0191387559808612
"557";557;"Tile row 24, col 26";1518658,25062798;1519276,51605997;5029267,25009043;5029819,79218757;0,333333333333333;0;0;1;0,0143540669856459
"558";558;"Tile row 24, col 27";1519276,51605997;1519351,49132287;5029267,25009043;5029325,21479376;0;0;0;1;0
"559";559;"Tile row 25, col 12";1510266,62522765;1510620,79995645;5028990,76710357;5029267,25009043;0;0;0;1;0
"560";560;"Tile row 25, col 13";1510620,79995645;1510948,53343237;5029042,7453405;5029267,25009043;0;0;0;1;0
"561";561;"Tile row 25, col 14";1511469,51199692;1511857,33082043;5028960,53711389;5029267,25009043;0;0;0;1;0
"562";562;"Tile row 25, col 15";1511857,33082043;1512475,59625243;5028714,70797475;5029267,25009043;0;0;0;1;0
"563";563;"Tile row 25, col 16";1512475,59625243;1513093,86168442;5028714,70797475;5029267,25009043;0;0;0,0476190476190476;1;0
"564";564;"Tile row 25, col 17";1513093,86168442;1513712,12711641;5028714,70797475;5029267,25009043;0,333333333333333;0,294117647058824;0,238095238095238;1;0,200956937799043
"565";565;"Tile row 25, col 18";1513712,12711641;1514330,3925484;5028714,70797475;5029267,25009043;0;0,294117647058824;0;1;0
"566";566;"Tile row 25, col 19";1514330,3925484;1514948,65799894;5028714,70797475;5029267,25009043;0;0;0;0,333333333333333;0
"567";567;"Tile row 25, col 20";1514948,65799894;1515566,92343093;5028714,70797475;5029267,25009043;0;0;0;1;0
"568";568;"Tile row 25, col 21";1515566,92343093;1516185,18886292;5028714,70797475;5029267,25009043;0;0;0,0476190476190476;1;0
"569";569;"Tile row 25, col 22";1516185,18886292;1516803,45431346;5028714,70797475;5029267,25009043;0;0;0;1;0
"570";570;"Tile row 25, col 23";1516803,45431346;1517421,71974545;5028714,70797475;5029267,25009043;0;0;0;1;0
"571";571;"Tile row 25, col 24";1517421,71974545;1518039,98519599;5028714,70797475;5029267,25009043;0;0;0,0952380952380952;1;0
"572";572;"Tile row 25, col 25";1518039,98519599;1518658,25062798;5028714,70797475;5029267,25009043;0;0;0,0952380952380952;0,666666666666667;0
"573";573;"Tile row 25, col 26";1518658,25062798;1519276,51605997;5028714,70797475;5029267,25009043;0;0,294117647058824;0;0,666666666666667;0
"574";574;"Tile row 25, col 27";1519276,51605997;1519640,68802962;5028787,60213764;5029267,25009043;0;0;0;1;0
"575";575;"Tile row 26, col 15";1512363,64766527;1512475,59625243;5028162,16585907;5028714,70797475;0;0;0;1;0
"576";576;"Tile row 26, col 16";1512475,59625243;1513093,86168442;5028162,16585907;5028714,70797475;0;0;0;1;0
"577";577;"Tile row 26, col 17";1513093,86168442;1513712,12711641;5028162,16585907;5028714,70797475;0,666666666666667;0,411764705882353;0,333333333333333;1;0,0909090909090909
"578";578;"Tile row 26, col 18";1513712,12711641;1514330,3925484;5028162,16585907;5028714,70797475;0,333333333333333;0;0;1;0
"579";579;"Tile row 26, col 19";1514330,3925484;1514948,65799894;5028162,16585907;5028714,70797475;0;0;0;1;0
"580";580;"Tile row 26, col 20";1514948,65799894;1515566,92343093;5028162,16585907;5028714,70797475;0;0;0;1;0
"581";581;"Tile row 26, col 21";1515566,92343093;1516185,18886292;5028162,16585907;5028714,70797475;0;0;0;1;0
"582";582;"Tile row 26, col 22";1516185,18886292;1516803,45431346;5028162,16585907;5028714,70797475;0;0;0;1;0
"583";583;"Tile row 26, col 23";1516803,45431346;1517421,71974545;5028162,16585907;5028714,70797475;0;0;0;1;0
"584";584;"Tile row 26, col 24";1517421,71974545;1518039,98519599;5028240,88717989;5028714,70797475;0;0;0;1;0
"585";585;"Tile row 26, col 25";1518039,98519599;1518658,25062798;5028307,50717893;5028714,70797475;0;0;0;1;0
"586";586;"Tile row 26, col 26";1518658,25062798;1519074,99807898;5028359,98216741;5028714,70797475;0;0;0;1;0
"587";587;"Tile row 27, col 15";1512246,74437927;1512475,59625243;5027609,62374339;5028162,16585907;0;0;0;1;0
"588";588;"Tile row 27, col 16";1512475,59625243;1513093,86168442;5027609,62374339;5028162,16585907;0;0;0;1;0
"589";589;"Tile row 27, col 17";1513093,86168442;1513712,12711641;5027609,62374339;5028162,16585907;1;0,294117647058824;0,333333333333333;1;0,200956937799043
"590";590;"Tile row 27, col 18";1513712,12711641;1514330,3925484;5027609,62374339;5028162,16585907;0;0;0,0952380952380952;0,666666666666667;0
"591";591;"Tile row 27, col 19";1514330,3925484;1514948,65799894;5027609,62374339;5028162,16585907;0;0;0;1;0
"592";592;"Tile row 27, col 20";1514948,65799894;1515566,92343093;5027609,62374339;5028162,16585907;0;0;0;1;0
"593";593;"Tile row 27, col 21";1515566,92343093;1516185,18886292;5027609,62374339;5028162,16585907;0;0;0;0,333333333333333;0,0287081339712919
"594";594;"Tile row 27, col 22";1516185,18886292;1516803,45431346;5027609,62374339;5028162,16585907;0;0;0,0952380952380952;0,666666666666667;0
"595";595;"Tile row 27, col 23";1516803,45431346;1517150,89828321;5027609,62374339;5028162,16585907;0;0;0;1;0
"596";596;"Tile row 28, col 15";1512226,68878204;1512438,63555933;5027546,03225577;5027609,62374339;0;0;0;1;0
"597";597;"Tile row 28, col 16";1512961,51870293;1513093,86168442;5027475,49225601;5027609,62374339;0;0;0;1;0
"598";598;"Tile row 28, col 17";1513093,86168442;1513712,12711641;5027057,0816277;5027609,62374339;0;0;0;1;0
"599";599;"Tile row 28, col 18";1513712,12711641;1514330,3925484;5027057,0816277;5027609,62374339;0;0;0,0476190476190476;1;0
"600";600;"Tile row 28, col 19";1514330,3925484;1514948,65799894;5027057,0816277;5027609,62374339;0;0;0;1;0
"601";601;"Tile row 28, col 20";1514948,65799894;1515566,92343093;5027057,0816277;5027609,62374339;0;0;0;1;0
"602";602;"Tile row 28, col 21";1515566,92343093;1516185,18886292;5027057,0816277;5027609,62374339;0;0;0,0476190476190476;0,666666666666667;0
"603";603;"Tile row 28, col 22";1516185,18886292;1516803,45431346;5027057,0816277;5027609,62374339;0;0;0;1;0
"604";604;"Tile row 28, col 23";1516803,45431346;1517153,12826772;5027070,05231107;5027609,62374339;0;0;0;1;0
"605";605;"Tile row 29, col 17";1513563,22364167;1513712,12711641;5026771,88673674;5027057,0816277;0;0;0;1;0
"606";606;"Tile row 29, col 18";1513712,12711641;1514330,3925484;5026504,53953057;5027057,0816277;0;0;0;1;0
"607";607;"Tile row 29, col 19";1514330,3925484;1514948,65799894;5026504,53953057;5027057,0816277;0;0;0;1;0
"608";608;"Tile row 29, col 20";1514948,65799894;1515566,92343093;5026504,53953057;5027057,0816277;0;0;0;1;0
"609";609;"Tile row 29, col 21";1515566,92343093;1516185,18886292;5026504,53953057;5027057,0816277;0;0;0;0,666666666666667;0
"610";610;"Tile row 29, col 22";1516185,18886292;1516396,14334274;5026605,58734994;5027057,0816277;0;0;0;1;0
"611";611;"Tile row 30, col 18";1514286,38856307;1514330,3925484;5026373,7462685;5026504,53953057;0;0;0;1;0
"612";612;"Tile row 30, col 19";1514330,3925484;1514775,91063533;5026300,98238651;5026504,53953057;0;0;0;1;0
"613";613;"Tile row 30, col 20";1514951,20849225;1515566,92343093;5025951,99741488;5026504,53953057;0;0;0;1;0
"614";614;"Tile row 30, col 21";1515566,92343093;1515826,85339937;5026208,95062073;5026504,53953057;0;0;0;1;0
